--------------------------------------------------------
--  颇老捞 积己凳 - 格夸老-9岿-21-2023   
--------------------------------------------------------
--------------------------------------------------------
--  DDL for Sequence SEQ_MOVCODE
--------------------------------------------------------

   CREATE SEQUENCE  "GREENCINEMA"."SEQ_MOVCODE"  MINVALUE 10001 MAXVALUE 9999999999999999999999999999 INCREMENT BY 1 START WITH 10016 NOCACHE  NOORDER  NOCYCLE ;
--------------------------------------------------------
--  DDL for Sequence SEQ_TEATERS
--------------------------------------------------------

   CREATE SEQUENCE  "GREENCINEMA"."SEQ_TEATERS"  MINVALUE 1001 MAXVALUE 9999999999999999999999999999 INCREMENT BY 1 START WITH 1001 NOCACHE  NOORDER  NOCYCLE ;
--------------------------------------------------------
--  DDL for Table MEMBER
--------------------------------------------------------

  CREATE TABLE "GREENCINEMA"."MEMBER" 
   (	"USERID" VARCHAR2(50 BYTE), 
	"USERPW" VARCHAR2(100 BYTE), 
	"USERNAME" VARCHAR2(100 BYTE), 
	"BIRTH" DATE DEFAULT sysdate, 
	"PHONE" VARCHAR2(100 BYTE), 
	"ENABLED" CHAR(1 BYTE) DEFAULT '1'
   ) SEGMENT CREATION IMMEDIATE 
  PCTFREE 10 PCTUSED 40 INITRANS 1 MAXTRANS 255 NOCOMPRESS LOGGING
  STORAGE(INITIAL 65536 NEXT 1048576 MINEXTENTS 1 MAXEXTENTS 2147483645
  PCTINCREASE 0 FREELISTS 1 FREELIST GROUPS 1 BUFFER_POOL DEFAULT FLASH_CACHE DEFAULT CELL_FLASH_CACHE DEFAULT)
  TABLESPACE "SYSTEM" ;
--------------------------------------------------------
--  DDL for Table MEM_AUTH
--------------------------------------------------------

  CREATE TABLE "GREENCINEMA"."MEM_AUTH" 
   (	"USERID" VARCHAR2(50 BYTE), 
	"AUTH" VARCHAR2(50 BYTE)
   ) SEGMENT CREATION IMMEDIATE 
  PCTFREE 10 PCTUSED 40 INITRANS 1 MAXTRANS 255 NOCOMPRESS LOGGING
  STORAGE(INITIAL 65536 NEXT 1048576 MINEXTENTS 1 MAXEXTENTS 2147483645
  PCTINCREASE 0 FREELISTS 1 FREELIST GROUPS 1 BUFFER_POOL DEFAULT FLASH_CACHE DEFAULT CELL_FLASH_CACHE DEFAULT)
  TABLESPACE "SYSTEM" ;
--------------------------------------------------------
--  DDL for Table MOVIES
--------------------------------------------------------

  CREATE TABLE "GREENCINEMA"."MOVIES" 
   (	"MOVCODE" NUMBER(6,0), 
	"MOVNAME" VARCHAR2(100 BYTE), 
	"MOVDIRECTOR" VARCHAR2(100 BYTE), 
	"MOVGENRE" VARCHAR2(50 BYTE), 
	"MOVGRADE" NUMBER, 
	"MOVRUNNINGTIME" NUMBER(4,0), 
	"MOVRELEASE" DATE, 
	"THUM_MOVPOSTER" VARCHAR2(200 BYTE), 
	"FILENAME" VARCHAR2(500 BYTE) DEFAULT 'default_img.jpg', 
	"UPLOADPATH" VARCHAR2(500 BYTE), 
	"FULLNAME" VARCHAR2(500 BYTE), 
	"THSTATES" NUMBER(1,0) DEFAULT 1
   ) SEGMENT CREATION IMMEDIATE 
  PCTFREE 10 PCTUSED 40 INITRANS 1 MAXTRANS 255 NOCOMPRESS LOGGING
  STORAGE(INITIAL 65536 NEXT 1048576 MINEXTENTS 1 MAXEXTENTS 2147483645
  PCTINCREASE 0 FREELISTS 1 FREELIST GROUPS 1 BUFFER_POOL DEFAULT FLASH_CACHE DEFAULT CELL_FLASH_CACHE DEFAULT)
  TABLESPACE "SYSTEM" ;
--------------------------------------------------------
--  DDL for Table PERSISTENT_LOGINS
--------------------------------------------------------

  CREATE TABLE "GREENCINEMA"."PERSISTENT_LOGINS" 
   (	"USERNAME" VARCHAR2(64 BYTE), 
	"SERIES" VARCHAR2(64 BYTE), 
	"TOKEN" VARCHAR2(64 BYTE), 
	"LAST_USED" TIMESTAMP (6)
   ) SEGMENT CREATION IMMEDIATE 
  PCTFREE 10 PCTUSED 40 INITRANS 1 MAXTRANS 255 NOCOMPRESS LOGGING
  STORAGE(INITIAL 65536 NEXT 1048576 MINEXTENTS 1 MAXEXTENTS 2147483645
  PCTINCREASE 0 FREELISTS 1 FREELIST GROUPS 1 BUFFER_POOL DEFAULT FLASH_CACHE DEFAULT CELL_FLASH_CACHE DEFAULT)
  TABLESPACE "SYSTEM" ;
--------------------------------------------------------
--  DDL for Table RESERVATION
--------------------------------------------------------

  CREATE TABLE "GREENCINEMA"."RESERVATION" 
   (	"RVCODE" VARCHAR2(50 BYTE), 
	"RVUSERID" VARCHAR2(50 BYTE), 
	"RVMOVCODE" NUMBER(6,0), 
	"RVMOVNAME" VARCHAR2(100 BYTE), 
	"RVTHCODE" NUMBER(4,0), 
	"RVTHNAME" VARCHAR2(100 BYTE), 
	"RVSCHTIME" DATE, 
	"RVRUNNING" VARCHAR2(100 BYTE), 
	"RVSCHALL" VARCHAR2(50 BYTE), 
	"RVCOUNT" NUMBER(2,0), 
	"RVSCHSEATS" VARCHAR2(50 BYTE), 
	"RVLIST" VARCHAR2(100 BYTE), 
	"RVPRICE" NUMBER(5,0), 
	"RVTIME" DATE DEFAULT sysdate, 
	"PAYMETHOD" VARCHAR2(20 BYTE)
   ) SEGMENT CREATION IMMEDIATE 
  PCTFREE 10 PCTUSED 40 INITRANS 1 MAXTRANS 255 NOCOMPRESS LOGGING
  STORAGE(INITIAL 65536 NEXT 1048576 MINEXTENTS 1 MAXEXTENTS 2147483645
  PCTINCREASE 0 FREELISTS 1 FREELIST GROUPS 1 BUFFER_POOL DEFAULT FLASH_CACHE DEFAULT CELL_FLASH_CACHE DEFAULT)
  TABLESPACE "SYSTEM" ;
--------------------------------------------------------
--  DDL for Table SCHEDULES
--------------------------------------------------------

  CREATE TABLE "GREENCINEMA"."SCHEDULES" 
   (	"SCHALL" VARCHAR2(50 BYTE), 
	"SCHTIME" DATE, 
	"SCHTHCODE" NUMBER(4,0), 
	"SCHMOVCODE" NUMBER(6,0), 
	"SEATCOUNT" NUMBER(3,0) DEFAULT 110, 
	"SEATLIST" VARCHAR2(330 BYTE)
   ) SEGMENT CREATION IMMEDIATE 
  PCTFREE 10 PCTUSED 40 INITRANS 1 MAXTRANS 255 NOCOMPRESS LOGGING
  STORAGE(INITIAL 65536 NEXT 1048576 MINEXTENTS 1 MAXEXTENTS 2147483645
  PCTINCREASE 0 FREELISTS 1 FREELIST GROUPS 1 BUFFER_POOL DEFAULT FLASH_CACHE DEFAULT CELL_FLASH_CACHE DEFAULT)
  TABLESPACE "SYSTEM" ;
--------------------------------------------------------
--  DDL for Table TBL_ATTACH
--------------------------------------------------------

  CREATE TABLE "GREENCINEMA"."TBL_ATTACH" 
   (	"UUID" VARCHAR2(100 BYTE), 
	"UPLOADPATH" VARCHAR2(200 BYTE), 
	"FILENAME" VARCHAR2(100 BYTE), 
	"FILETYPE" CHAR(1 BYTE) DEFAULT 'I', 
	"MOVCODE" VARCHAR2(6 BYTE)
   ) SEGMENT CREATION IMMEDIATE 
  PCTFREE 10 PCTUSED 40 INITRANS 1 MAXTRANS 255 NOCOMPRESS LOGGING
  STORAGE(INITIAL 65536 NEXT 1048576 MINEXTENTS 1 MAXEXTENTS 2147483645
  PCTINCREASE 0 FREELISTS 1 FREELIST GROUPS 1 BUFFER_POOL DEFAULT FLASH_CACHE DEFAULT CELL_FLASH_CACHE DEFAULT)
  TABLESPACE "SYSTEM" ;
--------------------------------------------------------
--  DDL for Table TEXT_SEQ
--------------------------------------------------------

  CREATE TABLE "GREENCINEMA"."TEXT_SEQ" 
   (	"NUMS" NUMBER(6,0)
   ) SEGMENT CREATION IMMEDIATE 
  PCTFREE 10 PCTUSED 40 INITRANS 1 MAXTRANS 255 NOCOMPRESS LOGGING
  STORAGE(INITIAL 65536 NEXT 1048576 MINEXTENTS 1 MAXEXTENTS 2147483645
  PCTINCREASE 0 FREELISTS 1 FREELIST GROUPS 1 BUFFER_POOL DEFAULT FLASH_CACHE DEFAULT CELL_FLASH_CACHE DEFAULT)
  TABLESPACE "SYSTEM" ;
--------------------------------------------------------
--  DDL for Table THEATERS
--------------------------------------------------------

  CREATE TABLE "GREENCINEMA"."THEATERS" 
   (	"THCODE" NUMBER(4,0), 
	"THNAME" VARCHAR2(100 BYTE), 
	"THADDRESS" VARCHAR2(200 BYTE)
   ) SEGMENT CREATION IMMEDIATE 
  PCTFREE 10 PCTUSED 40 INITRANS 1 MAXTRANS 255 NOCOMPRESS LOGGING
  STORAGE(INITIAL 65536 NEXT 1048576 MINEXTENTS 1 MAXEXTENTS 2147483645
  PCTINCREASE 0 FREELISTS 1 FREELIST GROUPS 1 BUFFER_POOL DEFAULT FLASH_CACHE DEFAULT CELL_FLASH_CACHE DEFAULT)
  TABLESPACE "SYSTEM" ;
REM INSERTING into GREENCINEMA.MEMBER
SET DEFINE OFF;
Insert into GREENCINEMA.MEMBER (USERID,USERPW,USERNAME,BIRTH,PHONE,ENABLED) values ('user2','$2a$10$DCI5A2AEyGrI7tIwHVSPSOlXn/CHC9TFmxozeb16/0CMBrYwMU4fm','老馆荤侩磊2',to_date('2023-08-10 17:37','YYYY-MM-DD HH24:MI'),null,'1');
Insert into GREENCINEMA.MEMBER (USERID,USERPW,USERNAME,BIRTH,PHONE,ENABLED) values ('been11','$2a$10$Akbhpuoan3bN.LSWSa.5.er6/kYGOpc.HwHc/O0I5zYyD/f02eS1u','1',to_date('1900-10-10 00:00','YYYY-MM-DD HH24:MI'),'1-1-1','1');
Insert into GREENCINEMA.MEMBER (USERID,USERPW,USERNAME,BIRTH,PHONE,ENABLED) values ('usertest','$2a$10$7sXKVx0/odL9M.8bSVnbHewHiv9y5.HiW1id5ps2u8n.AtGeUVtQ6','1111',to_date('1900-01-01 00:00','YYYY-MM-DD HH24:MI'),'1111-1111-1111','1');
Insert into GREENCINEMA.MEMBER (USERID,USERPW,USERNAME,BIRTH,PHONE,ENABLED) values ('admin','$2a$10$BrKxMwriAOx8VCpM5qdzt.d1UKoqrqh4i2olJBQitGVX007rhrfNC','包府磊',to_date('2023-08-10 17:35','YYYY-MM-DD HH24:MI'),null,'1');
Insert into GREENCINEMA.MEMBER (USERID,USERPW,USERNAME,BIRTH,PHONE,ENABLED) values ('user1','$2a$10$iBTgOKsCzxHf3DreyHxq0OAzwpL6irVlnvilrphhmpiO0eeY6Vgri','老馆荤侩磊1',to_date('2023-08-10 17:37','YYYY-MM-DD HH24:MI'),null,'1');
Insert into GREENCINEMA.MEMBER (USERID,USERPW,USERNAME,BIRTH,PHONE,ENABLED) values ('user22','$2a$10$bQ.P3V4TqGS1mtHWYl.s8OHv7WvcoODLT5deZRgdI/bH/yt.Lr4gW','1111',to_date('1900-01-02 00:00','YYYY-MM-DD HH24:MI'),'1111-1111-1111','1');
Insert into GREENCINEMA.MEMBER (USERID,USERPW,USERNAME,BIRTH,PHONE,ENABLED) values ('test','$2a$10$Q.7Il6ThA6SePfADsTQL/egyOu2aTJej2IKt.4nZk3ov/pLCEvBvW','test1',to_date('1918-01-19 00:00','YYYY-MM-DD HH24:MI'),'000-7463-7463','1');
Insert into GREENCINEMA.MEMBER (USERID,USERPW,USERNAME,BIRTH,PHONE,ENABLED) values ('test1234','$2a$10$APmZ3dHfwRwcbnd/sdh8ReetQiuktfShMZD4NoVDuJYYQyb..ViwC','抛胶飘',to_date('1980-08-08 00:00','YYYY-MM-DD HH24:MI'),'010-1111-1111','1');
Insert into GREENCINEMA.MEMBER (USERID,USERPW,USERNAME,BIRTH,PHONE,ENABLED) values ('test1235','$2a$10$5m7BnCEBbaYZk7hcVzUREegoEX/G63Mzyc16jazLeyzLcWrFkGA4.','抛胶飘',to_date('2000-01-01 00:00','YYYY-MM-DD HH24:MI'),'010-0101-0101','1');
Insert into GREENCINEMA.MEMBER (USERID,USERPW,USERNAME,BIRTH,PHONE,ENABLED) values ('test1236','$2a$10$YvLyckad1L8EK/H5DWr67uJoFV/A6dB6APWy/w2uDxZDVZtxCX2UO','抛胶飘',to_date('2000-10-01 00:00','YYYY-MM-DD HH24:MI'),'010-1236-1236','1');
Insert into GREENCINEMA.MEMBER (USERID,USERPW,USERNAME,BIRTH,PHONE,ENABLED) values ('test1237','$2a$10$UKWyBCdHAQEuvBB74UFgJe.588bb0cMtTQlpoGR1PjKAhovUNuNI6','抛胶飘',to_date('2000-10-01 00:00','YYYY-MM-DD HH24:MI'),'010-1023-1023','1');
Insert into GREENCINEMA.MEMBER (USERID,USERPW,USERNAME,BIRTH,PHONE,ENABLED) values ('test1238','$2a$10$/7TGZ8YXDjBg.tmjeHrrlusghqC6OE/vBfhMDYES0Y4QOU1IOaFvu','抛胶飘',to_date('2000-10-01 00:00','YYYY-MM-DD HH24:MI'),'010-1234-1234','1');
REM INSERTING into GREENCINEMA.MEM_AUTH
SET DEFINE OFF;
Insert into GREENCINEMA.MEM_AUTH (USERID,AUTH) values ('user2','ROLE_MEMBER');
Insert into GREENCINEMA.MEM_AUTH (USERID,AUTH) values ('been11','ROLE_MEMBER');
Insert into GREENCINEMA.MEM_AUTH (USERID,AUTH) values ('admin','ROLE_ADMIN');
Insert into GREENCINEMA.MEM_AUTH (USERID,AUTH) values ('user1','ROLE_MEMBER');
Insert into GREENCINEMA.MEM_AUTH (USERID,AUTH) values ('user22','ROLE_MEMBER');
Insert into GREENCINEMA.MEM_AUTH (USERID,AUTH) values ('usertest','ROLE_MEMBER');
Insert into GREENCINEMA.MEM_AUTH (USERID,AUTH) values ('test','ROLE_MEMBER');
Insert into GREENCINEMA.MEM_AUTH (USERID,AUTH) values ('test1234','ROLE_MEMBER');
Insert into GREENCINEMA.MEM_AUTH (USERID,AUTH) values ('test1235','ROLE_MEMBER');
Insert into GREENCINEMA.MEM_AUTH (USERID,AUTH) values ('test1236','ROLE_MEMBER');
Insert into GREENCINEMA.MEM_AUTH (USERID,AUTH) values ('test1237','ROLE_MEMBER');
Insert into GREENCINEMA.MEM_AUTH (USERID,AUTH) values ('test1238','ROLE_MEMBER');
REM INSERTING into GREENCINEMA.MOVIES
SET DEFINE OFF;
Insert into GREENCINEMA.MOVIES (MOVCODE,MOVNAME,MOVDIRECTOR,MOVGENRE,MOVGRADE,MOVRUNNINGTIME,MOVRELEASE,THUM_MOVPOSTER,FILENAME,UPLOADPATH,FULLNAME,THSTATES) values (10005,'坷奇窍捞赣','农府胶配欺 愁鄂','胶副矾, 靛扼付',0,180,to_date('2023-09-21 12:29','YYYY-MM-DD HH24:MI'),null,'210077d7-5d1f-4410-b917-d776981e841c_Oppenheimer.jpg','poster','poster%5C210077d7-5d1f-4410-b917-d776981e841c_Oppenheimer.jpg',1);
Insert into GREENCINEMA.MOVIES (MOVCODE,MOVNAME,MOVDIRECTOR,MOVGENRE,MOVGRADE,MOVRUNNINGTIME,MOVRELEASE,THUM_MOVPOSTER,FILENAME,UPLOADPATH,FULLNAME,THSTATES) values (10006,'能农府飘 蜡配乔酒','决怕拳','靛扼付',15,130,to_date('2023-08-09 00:00','YYYY-MM-DD HH24:MI'),null,'4918ef83-1640-42a2-a41c-77775187eae0_Concrete Utopia.jpg','poster','poster%5C4918ef83-1640-42a2-a41c-77775187eae0_Concrete%20Utopia.jpg',1);
Insert into GREENCINEMA.MOVIES (MOVCODE,MOVNAME,MOVDIRECTOR,MOVGENRE,MOVGRADE,MOVRUNNINGTIME,MOVRELEASE,THUM_MOVPOSTER,FILENAME,UPLOADPATH,FULLNAME,THSTATES) values (10001,'剐荐','幅铰肯','裹了',15,129,to_date('2023-09-21 11:08','YYYY-MM-DD HH24:MI'),null,'b89da31d-41b8-42f2-bc3c-859f7f5398e9_Smugglers.jpg','poster','poster%5Cb89da31d-41b8-42f2-bc3c-859f7f5398e9_Smugglers.jpg',1);
Insert into GREENCINEMA.MOVIES (MOVCODE,MOVNAME,MOVDIRECTOR,MOVGENRE,MOVGRADE,MOVRUNNINGTIME,MOVRELEASE,THUM_MOVPOSTER,FILENAME,UPLOADPATH,FULLNAME,THSTATES) values (10002,'郡府膏呕','乔磐 颊','局聪皋捞记',0,109,to_date('2023-06-14 00:00','YYYY-MM-DD HH24:MI'),null,'d9f75d26-9300-4a54-8ecf-3b8fe96ceff7_Elemental.jpg','poster','poster%5Cd9f75d26-9300-4a54-8ecf-3b8fe96ceff7_Elemental.jpg',1);
Insert into GREENCINEMA.MOVIES (MOVCODE,MOVNAME,MOVDIRECTOR,MOVGENRE,MOVGRADE,MOVRUNNINGTIME,MOVRELEASE,THUM_MOVPOSTER,FILENAME,UPLOADPATH,FULLNAME,THSTATES) values (10007,'疙沤沥内抄-孺枚狼 绢康','鸥摹墨客 蜡令风','局聪皋捞记',12,110,to_date('2023-09-21 11:40','YYYY-MM-DD HH24:MI'),null,'7a805828-63fd-4c03-8df8-23321ff287e6_Detective Conan The Movie Black Iron Submarine.jpg','poster','poster%5C7a805828-63fd-4c03-8df8-23321ff287e6_Detective%20Conan%20The%20Movie%20Black%20Iron%20Submarine.jpg',0);
Insert into GREENCINEMA.MOVIES (MOVCODE,MOVNAME,MOVDIRECTOR,MOVGENRE,MOVGRADE,MOVRUNNINGTIME,MOVRELEASE,THUM_MOVPOSTER,FILENAME,UPLOADPATH,FULLNAME,THSTATES) values (10009,'歹 巩','辫侩拳',' SF, 咀记, 靛扼付',12,129,to_date('2023-08-02 00:00','YYYY-MM-DD HH24:MI'),null,'2266403d-999c-4346-b2c8-98cd55b6c06b_The moon.jpg','poster','poster%5C2266403d-999c-4346-b2c8-98cd55b6c06b_The%20moon.jpg',1);
Insert into GREENCINEMA.MOVIES (MOVCODE,MOVNAME,MOVDIRECTOR,MOVGENRE,MOVGRADE,MOVRUNNINGTIME,MOVRELEASE,THUM_MOVPOSTER,FILENAME,UPLOADPATH,FULLNAME,THSTATES) values (10010,'官厚','弊饭鸥 芭括','靛扼付',12,114,to_date('2023-07-19 00:00','YYYY-MM-DD HH24:MI'),null,'ab511b5c-c8d2-4b39-960f-98646234faf9_Barbie.jpg','poster','poster%5Cab511b5c-c8d2-4b39-960f-98646234faf9_Barbie.jpg',1);
Insert into GREENCINEMA.MOVIES (MOVCODE,MOVNAME,MOVDIRECTOR,MOVGENRE,MOVGRADE,MOVRUNNINGTIME,MOVRELEASE,THUM_MOVPOSTER,FILENAME,UPLOADPATH,FULLNAME,THSTATES) values (10011,'崔娄瘤辟秦-751','捞茄','内固叼',12,119,to_date('2023-09-18 14:50','YYYY-MM-DD HH24:MI'),null,'e31cda3a-7477-4ab8-a0b4-817fd6e24fbf_HoneySweet.jpg','poster','poster%5Ce31cda3a-7477-4ab8-a0b4-817fd6e24fbf_HoneySweet.jpg',1);
Insert into GREENCINEMA.MOVIES (MOVCODE,MOVNAME,MOVDIRECTOR,MOVGENRE,MOVGRADE,MOVRUNNINGTIME,MOVRELEASE,THUM_MOVPOSTER,FILENAME,UPLOADPATH,FULLNAME,THSTATES) values (10012,'秦府 器磐客 去趋 空磊','单捞壶 抗捞明','绢靛亥贸, 咀记, 啊练',0,153,to_date('2023-09-06 00:00','YYYY-MM-DD HH24:MI'),null,'e7964b86-41b9-4a4b-a2a5-5470d27d659e_Harry Potter And The Half-Blood Prince.jpg','poster','poster%5Ce7964b86-41b9-4a4b-a2a5-5470d27d659e_Harry%20Potter%20And%20The%20Half-Blood%20Prince.jpg',1);
Insert into GREENCINEMA.MOVIES (MOVCODE,MOVNAME,MOVDIRECTOR,MOVGENRE,MOVGRADE,MOVRUNNINGTIME,MOVRELEASE,THUM_MOVPOSTER,FILENAME,UPLOADPATH,FULLNAME,THSTATES) values (10013,'玫冠荤 硼付 楷备家-汲版狼 厚剐','辫己侥','固胶抛府',0,98,to_date('2023-09-27 00:00','YYYY-MM-DD HH24:MI'),null,'b0331cd8-001d-493e-85ee-2e47cb9c9da6_DR.CHEON AND THE LOST TALISMAN.jpg','poster','poster%5Cb0331cd8-001d-493e-85ee-2e47cb9c9da6_DR.CHEON%20AND%20THE%20LOST%20TALISMAN.jpg',1);
Insert into GREENCINEMA.MOVIES (MOVCODE,MOVNAME,MOVDIRECTOR,MOVGENRE,MOVGRADE,MOVRUNNINGTIME,MOVRELEASE,THUM_MOVPOSTER,FILENAME,UPLOADPATH,FULLNAME,THSTATES) values (10014,'芭固笼','辫瘤款','内固叼',15,132,to_date('2023-09-27 00:00','YYYY-MM-DD HH24:MI'),null,'80acf700-a310-441d-811d-8c76cf3c59ce_COBWEB.jpg','poster','poster%5C80acf700-a310-441d-811d-8c76cf3c59ce_COBWEB.jpg',1);
Insert into GREENCINEMA.MOVIES (MOVCODE,MOVNAME,MOVDIRECTOR,MOVGENRE,MOVGRADE,MOVRUNNINGTIME,MOVRELEASE,THUM_MOVPOSTER,FILENAME,UPLOADPATH,FULLNAME,THSTATES) values (10015,'1947 焊胶沛','碍力痹','靛扼付',12,108,to_date('2023-09-27 00:00','YYYY-MM-DD HH24:MI'),null,'a375082f-c869-451e-abbe-53d1c1b7f1f9_Road to Boston.jpg','poster','poster%5Ca375082f-c869-451e-abbe-53d1c1b7f1f9_Road%20to%20Boston.jpg',1);
REM INSERTING into GREENCINEMA.PERSISTENT_LOGINS
SET DEFINE OFF;
REM INSERTING into GREENCINEMA.RESERVATION
SET DEFINE OFF;
Insert into GREENCINEMA.RESERVATION (RVCODE,RVUSERID,RVMOVCODE,RVMOVNAME,RVTHCODE,RVTHNAME,RVSCHTIME,RVRUNNING,RVSCHALL,RVCOUNT,RVSCHSEATS,RVLIST,RVPRICE,RVTIME,PAYMETHOD) values ('100062309255234D4D5','test',10006,'能农府飘 蜡配乔酒',1001,'CGV匡魂伙魂',to_date('2023-09-25 15:30','YYYY-MM-DD HH24:MI'),'2023-09-25 15:30 ~ 17:40','2包',2,'D4,D5','绢赴捞 2疙',6000,to_date('2023-09-21 11:52','YYYY-MM-DD HH24:MI'),'墨墨坷其捞');
REM INSERTING into GREENCINEMA.SCHEDULES
SET DEFINE OFF;
Insert into GREENCINEMA.SCHEDULES (SCHALL,SCHTIME,SCHTHCODE,SCHMOVCODE,SEATCOUNT,SEATLIST) values ('1包',to_date('2023-09-25 09:00','YYYY-MM-DD HH24:MI'),1001,10001,110,',');
Insert into GREENCINEMA.SCHEDULES (SCHALL,SCHTIME,SCHTHCODE,SCHMOVCODE,SEATCOUNT,SEATLIST) values ('1包',to_date('2023-09-25 15:20','YYYY-MM-DD HH24:MI'),1001,10001,112,',');
Insert into GREENCINEMA.SCHEDULES (SCHALL,SCHTIME,SCHTHCODE,SCHMOVCODE,SEATCOUNT,SEATLIST) values ('GOLDCLASS',to_date('2023-09-25 13:00','YYYY-MM-DD HH24:MI'),1001,10001,110,null);
Insert into GREENCINEMA.SCHEDULES (SCHALL,SCHTIME,SCHTHCODE,SCHMOVCODE,SEATCOUNT,SEATLIST) values ('GOLDCLASS',to_date('2023-09-25 19:00','YYYY-MM-DD HH24:MI'),1001,10001,110,null);
Insert into GREENCINEMA.SCHEDULES (SCHALL,SCHTIME,SCHTHCODE,SCHMOVCODE,SEATCOUNT,SEATLIST) values ('7包',to_date('2023-09-25 08:30','YYYY-MM-DD HH24:MI'),1001,10001,110,',');
Insert into GREENCINEMA.SCHEDULES (SCHALL,SCHTIME,SCHTHCODE,SCHMOVCODE,SEATCOUNT,SEATLIST) values ('8包',to_date('2023-09-25 12:00','YYYY-MM-DD HH24:MI'),1001,10001,110,null);
Insert into GREENCINEMA.SCHEDULES (SCHALL,SCHTIME,SCHTHCODE,SCHMOVCODE,SEATCOUNT,SEATLIST) values ('8包',to_date('2023-09-25 15:20','YYYY-MM-DD HH24:MI'),1001,10001,110,null);
Insert into GREENCINEMA.SCHEDULES (SCHALL,SCHTIME,SCHTHCODE,SCHMOVCODE,SEATCOUNT,SEATLIST) values ('5包',to_date('2023-09-26 11:50','YYYY-MM-DD HH24:MI'),1005,10001,110,null);
Insert into GREENCINEMA.SCHEDULES (SCHALL,SCHTIME,SCHTHCODE,SCHMOVCODE,SEATCOUNT,SEATLIST) values ('5包',to_date('2023-09-25 22:00','YYYY-MM-DD HH24:MI'),1005,10001,110,null);
Insert into GREENCINEMA.SCHEDULES (SCHALL,SCHTIME,SCHTHCODE,SCHMOVCODE,SEATCOUNT,SEATLIST) values ('3包',to_date('2023-09-25 13:00','YYYY-MM-DD HH24:MI'),1001,10002,110,null);
Insert into GREENCINEMA.SCHEDULES (SCHALL,SCHTIME,SCHTHCODE,SCHMOVCODE,SEATCOUNT,SEATLIST) values ('3包',to_date('2023-09-25 17:00','YYYY-MM-DD HH24:MI'),1001,10002,110,null);
Insert into GREENCINEMA.SCHEDULES (SCHALL,SCHTIME,SCHTHCODE,SCHMOVCODE,SEATCOUNT,SEATLIST) values ('4DX',to_date('2023-09-26 18:50','YYYY-MM-DD HH24:MI'),1001,10002,110,null);
Insert into GREENCINEMA.SCHEDULES (SCHALL,SCHTIME,SCHTHCODE,SCHMOVCODE,SEATCOUNT,SEATLIST) values ('4包',to_date('2023-09-25 09:00','YYYY-MM-DD HH24:MI'),1005,10002,110,null);
Insert into GREENCINEMA.SCHEDULES (SCHALL,SCHTIME,SCHTHCODE,SCHMOVCODE,SEATCOUNT,SEATLIST) values ('4包',to_date('2023-09-25 23:10','YYYY-MM-DD HH24:MI'),1005,10002,110,null);
Insert into GREENCINEMA.SCHEDULES (SCHALL,SCHTIME,SCHTHCODE,SCHMOVCODE,SEATCOUNT,SEATLIST) values ('IMAX',to_date('2023-09-26 15:00','YYYY-MM-DD HH24:MI'),1001,10005,110,null);
Insert into GREENCINEMA.SCHEDULES (SCHALL,SCHTIME,SCHTHCODE,SCHMOVCODE,SEATCOUNT,SEATLIST) values ('IMAX',to_date('2023-09-26 19:00','YYYY-MM-DD HH24:MI'),1001,10005,110,null);
Insert into GREENCINEMA.SCHEDULES (SCHALL,SCHTIME,SCHTHCODE,SCHMOVCODE,SEATCOUNT,SEATLIST) values ('7包',to_date('2023-09-25 15:20','YYYY-MM-DD HH24:MI'),1001,10005,110,',');
Insert into GREENCINEMA.SCHEDULES (SCHALL,SCHTIME,SCHTHCODE,SCHMOVCODE,SEATCOUNT,SEATLIST) values ('7包',to_date('2023-09-26 10:00','YYYY-MM-DD HH24:MI'),1001,10005,110,',');
Insert into GREENCINEMA.SCHEDULES (SCHALL,SCHTIME,SCHTHCODE,SCHMOVCODE,SEATCOUNT,SEATLIST) values ('5包',to_date('2023-09-26 18:00','YYYY-MM-DD HH24:MI'),1005,10005,110,null);
Insert into GREENCINEMA.SCHEDULES (SCHALL,SCHTIME,SCHTHCODE,SCHMOVCODE,SEATCOUNT,SEATLIST) values ('3包',to_date('2023-09-26 20:30','YYYY-MM-DD HH24:MI'),1005,10005,110,null);
Insert into GREENCINEMA.SCHEDULES (SCHALL,SCHTIME,SCHTHCODE,SCHMOVCODE,SEATCOUNT,SEATLIST) values ('2包',to_date('2023-09-25 00:00','YYYY-MM-DD HH24:MI'),1001,10006,110,',');
Insert into GREENCINEMA.SCHEDULES (SCHALL,SCHTIME,SCHTHCODE,SCHMOVCODE,SEATCOUNT,SEATLIST) values ('GOLDCLASS',to_date('2023-09-25 09:00','YYYY-MM-DD HH24:MI'),1001,10006,110,',');
Insert into GREENCINEMA.SCHEDULES (SCHALL,SCHTIME,SCHTHCODE,SCHMOVCODE,SEATCOUNT,SEATLIST) values ('IMAX',to_date('2023-09-25 11:20','YYYY-MM-DD HH24:MI'),1001,10006,110,null);
Insert into GREENCINEMA.SCHEDULES (SCHALL,SCHTIME,SCHTHCODE,SCHMOVCODE,SEATCOUNT,SEATLIST) values ('2包',to_date('2023-09-25 15:30','YYYY-MM-DD HH24:MI'),1001,10006,108,',D4,D5,');
Insert into GREENCINEMA.SCHEDULES (SCHALL,SCHTIME,SCHTHCODE,SCHMOVCODE,SEATCOUNT,SEATLIST) values ('4包',to_date('2023-09-25 23:00','YYYY-MM-DD HH24:MI'),1001,10006,110,',');
Insert into GREENCINEMA.SCHEDULES (SCHALL,SCHTIME,SCHTHCODE,SCHMOVCODE,SEATCOUNT,SEATLIST) values ('8包',to_date('2023-09-25 09:00','YYYY-MM-DD HH24:MI'),1001,10006,108,'B5,B6,');
Insert into GREENCINEMA.SCHEDULES (SCHALL,SCHTIME,SCHTHCODE,SCHMOVCODE,SEATCOUNT,SEATLIST) values ('6包',to_date('2023-09-25 15:00','YYYY-MM-DD HH24:MI'),1005,10006,110,null);
Insert into GREENCINEMA.SCHEDULES (SCHALL,SCHTIME,SCHTHCODE,SCHMOVCODE,SEATCOUNT,SEATLIST) values ('2包',to_date('2023-09-25 09:00','YYYY-MM-DD HH24:MI'),1001,10007,110,',');
Insert into GREENCINEMA.SCHEDULES (SCHALL,SCHTIME,SCHTHCODE,SCHMOVCODE,SEATCOUNT,SEATLIST) values ('5包',to_date('2023-09-25 11:00','YYYY-MM-DD HH24:MI'),1001,10009,110,null);
Insert into GREENCINEMA.SCHEDULES (SCHALL,SCHTIME,SCHTHCODE,SCHMOVCODE,SEATCOUNT,SEATLIST) values ('5包',to_date('2023-09-25 13:00','YYYY-MM-DD HH24:MI'),1001,10009,110,null);
Insert into GREENCINEMA.SCHEDULES (SCHALL,SCHTIME,SCHTHCODE,SCHMOVCODE,SEATCOUNT,SEATLIST) values ('2包',to_date('2023-09-25 17:30','YYYY-MM-DD HH24:MI'),1001,10010,110,null);
Insert into GREENCINEMA.SCHEDULES (SCHALL,SCHTIME,SCHTHCODE,SCHMOVCODE,SEATCOUNT,SEATLIST) values ('1包',to_date('2023-09-27 09:00','YYYY-MM-DD HH24:MI'),1014,10005,110,',');
Insert into GREENCINEMA.SCHEDULES (SCHALL,SCHTIME,SCHTHCODE,SCHMOVCODE,SEATCOUNT,SEATLIST) values ('2包',to_date('2023-09-27 20:00','YYYY-MM-DD HH24:MI'),1014,10001,110,null);
Insert into GREENCINEMA.SCHEDULES (SCHALL,SCHTIME,SCHTHCODE,SCHMOVCODE,SEATCOUNT,SEATLIST) values ('7包',to_date('2023-09-28 16:00','YYYY-MM-DD HH24:MI'),1014,10001,110,null);
Insert into GREENCINEMA.SCHEDULES (SCHALL,SCHTIME,SCHTHCODE,SCHMOVCODE,SEATCOUNT,SEATLIST) values ('8包',to_date('2023-09-28 15:50','YYYY-MM-DD HH24:MI'),1014,10002,110,null);
Insert into GREENCINEMA.SCHEDULES (SCHALL,SCHTIME,SCHTHCODE,SCHMOVCODE,SEATCOUNT,SEATLIST) values ('1包',to_date('2023-09-27 11:00','YYYY-MM-DD HH24:MI'),1013,10005,110,null);
Insert into GREENCINEMA.SCHEDULES (SCHALL,SCHTIME,SCHTHCODE,SCHMOVCODE,SEATCOUNT,SEATLIST) values ('8包',to_date('2023-09-27 20:00','YYYY-MM-DD HH24:MI'),1013,10002,110,null);
Insert into GREENCINEMA.SCHEDULES (SCHALL,SCHTIME,SCHTHCODE,SCHMOVCODE,SEATCOUNT,SEATLIST) values ('7包',to_date('2023-09-28 11:00','YYYY-MM-DD HH24:MI'),1013,10001,110,null);
Insert into GREENCINEMA.SCHEDULES (SCHALL,SCHTIME,SCHTHCODE,SCHMOVCODE,SEATCOUNT,SEATLIST) values ('3包',to_date('2023-09-28 14:30','YYYY-MM-DD HH24:MI'),1013,10001,110,null);
Insert into GREENCINEMA.SCHEDULES (SCHALL,SCHTIME,SCHTHCODE,SCHMOVCODE,SEATCOUNT,SEATLIST) values ('1包',to_date('2023-09-27 10:00','YYYY-MM-DD HH24:MI'),1012,10005,110,null);
Insert into GREENCINEMA.SCHEDULES (SCHALL,SCHTIME,SCHTHCODE,SCHMOVCODE,SEATCOUNT,SEATLIST) values ('8包',to_date('2023-09-27 20:20','YYYY-MM-DD HH24:MI'),1012,10002,110,null);
Insert into GREENCINEMA.SCHEDULES (SCHALL,SCHTIME,SCHTHCODE,SCHMOVCODE,SEATCOUNT,SEATLIST) values ('5包',to_date('2023-09-28 11:00','YYYY-MM-DD HH24:MI'),1012,10006,110,null);
Insert into GREENCINEMA.SCHEDULES (SCHALL,SCHTIME,SCHTHCODE,SCHMOVCODE,SEATCOUNT,SEATLIST) values ('7包',to_date('2023-09-28 15:20','YYYY-MM-DD HH24:MI'),1012,10002,110,null);
Insert into GREENCINEMA.SCHEDULES (SCHALL,SCHTIME,SCHTHCODE,SCHMOVCODE,SEATCOUNT,SEATLIST) values ('3包',to_date('2023-09-27 16:00','YYYY-MM-DD HH24:MI'),1011,10005,110,null);
Insert into GREENCINEMA.SCHEDULES (SCHALL,SCHTIME,SCHTHCODE,SCHMOVCODE,SEATCOUNT,SEATLIST) values ('1包',to_date('2023-09-27 18:00','YYYY-MM-DD HH24:MI'),1011,10001,110,null);
Insert into GREENCINEMA.SCHEDULES (SCHALL,SCHTIME,SCHTHCODE,SCHMOVCODE,SEATCOUNT,SEATLIST) values ('1包',to_date('2023-09-28 00:30','YYYY-MM-DD HH24:MI'),1011,10001,110,null);
Insert into GREENCINEMA.SCHEDULES (SCHALL,SCHTIME,SCHTHCODE,SCHMOVCODE,SEATCOUNT,SEATLIST) values ('7包',to_date('2023-09-28 09:20','YYYY-MM-DD HH24:MI'),1011,10002,110,null);
Insert into GREENCINEMA.SCHEDULES (SCHALL,SCHTIME,SCHTHCODE,SCHMOVCODE,SEATCOUNT,SEATLIST) values ('1包',to_date('2023-09-27 22:00','YYYY-MM-DD HH24:MI'),1010,10006,110,null);
Insert into GREENCINEMA.SCHEDULES (SCHALL,SCHTIME,SCHTHCODE,SCHMOVCODE,SEATCOUNT,SEATLIST) values ('3包',to_date('2023-09-27 16:00','YYYY-MM-DD HH24:MI'),1010,10005,110,null);
Insert into GREENCINEMA.SCHEDULES (SCHALL,SCHTIME,SCHTHCODE,SCHMOVCODE,SEATCOUNT,SEATLIST) values ('7包',to_date('2023-09-28 00:15','YYYY-MM-DD HH24:MI'),1010,10001,110,null);
Insert into GREENCINEMA.SCHEDULES (SCHALL,SCHTIME,SCHTHCODE,SCHMOVCODE,SEATCOUNT,SEATLIST) values ('8包',to_date('2023-09-28 00:20','YYYY-MM-DD HH24:MI'),1010,10002,110,null);
Insert into GREENCINEMA.SCHEDULES (SCHALL,SCHTIME,SCHTHCODE,SCHMOVCODE,SEATCOUNT,SEATLIST) values ('1包',to_date('2023-09-28 18:00','YYYY-MM-DD HH24:MI'),1010,10006,110,null);
Insert into GREENCINEMA.SCHEDULES (SCHALL,SCHTIME,SCHTHCODE,SCHMOVCODE,SEATCOUNT,SEATLIST) values ('3包',to_date('2023-09-27 09:00','YYYY-MM-DD HH24:MI'),1009,10001,110,null);
Insert into GREENCINEMA.SCHEDULES (SCHALL,SCHTIME,SCHTHCODE,SCHMOVCODE,SEATCOUNT,SEATLIST) values ('7包',to_date('2023-09-27 16:20','YYYY-MM-DD HH24:MI'),1009,10005,110,null);
Insert into GREENCINEMA.SCHEDULES (SCHALL,SCHTIME,SCHTHCODE,SCHMOVCODE,SEATCOUNT,SEATLIST) values ('1包',to_date('2023-09-28 18:00','YYYY-MM-DD HH24:MI'),1009,10002,110,null);
Insert into GREENCINEMA.SCHEDULES (SCHALL,SCHTIME,SCHTHCODE,SCHMOVCODE,SEATCOUNT,SEATLIST) values ('IMAX',to_date('2023-09-28 11:20','YYYY-MM-DD HH24:MI'),1009,10007,110,null);
Insert into GREENCINEMA.SCHEDULES (SCHALL,SCHTIME,SCHTHCODE,SCHMOVCODE,SEATCOUNT,SEATLIST) values ('1包',to_date('2023-09-28 15:00','YYYY-MM-DD HH24:MI'),1009,10001,110,null);
Insert into GREENCINEMA.SCHEDULES (SCHALL,SCHTIME,SCHTHCODE,SCHMOVCODE,SEATCOUNT,SEATLIST) values ('3包',to_date('2023-09-27 16:00','YYYY-MM-DD HH24:MI'),1008,10005,110,null);
Insert into GREENCINEMA.SCHEDULES (SCHALL,SCHTIME,SCHTHCODE,SCHMOVCODE,SEATCOUNT,SEATLIST) values ('7包',to_date('2023-09-27 09:00','YYYY-MM-DD HH24:MI'),1008,10006,110,null);
Insert into GREENCINEMA.SCHEDULES (SCHALL,SCHTIME,SCHTHCODE,SCHMOVCODE,SEATCOUNT,SEATLIST) values ('1包',to_date('2023-09-28 11:00','YYYY-MM-DD HH24:MI'),1008,10002,110,null);
Insert into GREENCINEMA.SCHEDULES (SCHALL,SCHTIME,SCHTHCODE,SCHMOVCODE,SEATCOUNT,SEATLIST) values ('5包',to_date('2023-09-28 20:00','YYYY-MM-DD HH24:MI'),1008,10002,110,null);
Insert into GREENCINEMA.SCHEDULES (SCHALL,SCHTIME,SCHTHCODE,SCHMOVCODE,SEATCOUNT,SEATLIST) values ('8包',to_date('2023-09-28 16:15','YYYY-MM-DD HH24:MI'),1008,10001,110,null);
Insert into GREENCINEMA.SCHEDULES (SCHALL,SCHTIME,SCHTHCODE,SCHMOVCODE,SEATCOUNT,SEATLIST) values ('7包',to_date('2023-09-27 00:00','YYYY-MM-DD HH24:MI'),1007,10005,110,null);
Insert into GREENCINEMA.SCHEDULES (SCHALL,SCHTIME,SCHTHCODE,SCHMOVCODE,SEATCOUNT,SEATLIST) values ('3包',to_date('2023-09-27 09:00','YYYY-MM-DD HH24:MI'),1007,10006,110,null);
Insert into GREENCINEMA.SCHEDULES (SCHALL,SCHTIME,SCHTHCODE,SCHMOVCODE,SEATCOUNT,SEATLIST) values ('5包',to_date('2023-09-27 11:00','YYYY-MM-DD HH24:MI'),1007,10001,110,null);
Insert into GREENCINEMA.SCHEDULES (SCHALL,SCHTIME,SCHTHCODE,SCHMOVCODE,SEATCOUNT,SEATLIST) values ('1包',to_date('2023-09-27 12:20','YYYY-MM-DD HH24:MI'),1007,10002,110,null);
Insert into GREENCINEMA.SCHEDULES (SCHALL,SCHTIME,SCHTHCODE,SCHMOVCODE,SEATCOUNT,SEATLIST) values ('1包',to_date('2023-09-28 16:00','YYYY-MM-DD HH24:MI'),1007,10005,110,null);
Insert into GREENCINEMA.SCHEDULES (SCHALL,SCHTIME,SCHTHCODE,SCHMOVCODE,SEATCOUNT,SEATLIST) values ('1包',to_date('2023-09-25 15:20','YYYY-MM-DD HH24:MI'),1007,10001,110,null);
Insert into GREENCINEMA.SCHEDULES (SCHALL,SCHTIME,SCHTHCODE,SCHMOVCODE,SEATCOUNT,SEATLIST) values ('7包',to_date('2023-09-27 09:00','YYYY-MM-DD HH24:MI'),1006,10006,110,null);
Insert into GREENCINEMA.SCHEDULES (SCHALL,SCHTIME,SCHTHCODE,SCHMOVCODE,SEATCOUNT,SEATLIST) values ('IMAX',to_date('2023-09-27 20:00','YYYY-MM-DD HH24:MI'),1006,10005,110,null);
Insert into GREENCINEMA.SCHEDULES (SCHALL,SCHTIME,SCHTHCODE,SCHMOVCODE,SEATCOUNT,SEATLIST) values ('3包',to_date('2023-09-28 16:00','YYYY-MM-DD HH24:MI'),1006,10001,110,null);
Insert into GREENCINEMA.SCHEDULES (SCHALL,SCHTIME,SCHTHCODE,SCHMOVCODE,SEATCOUNT,SEATLIST) values ('7包',to_date('2023-09-28 11:00','YYYY-MM-DD HH24:MI'),1006,10002,110,null);
Insert into GREENCINEMA.SCHEDULES (SCHALL,SCHTIME,SCHTHCODE,SCHMOVCODE,SEATCOUNT,SEATLIST) values ('1包',to_date('2023-09-28 10:20','YYYY-MM-DD HH24:MI'),1006,10006,110,null);
Insert into GREENCINEMA.SCHEDULES (SCHALL,SCHTIME,SCHTHCODE,SCHMOVCODE,SEATCOUNT,SEATLIST) values ('7包',to_date('2023-09-28 19:00','YYYY-MM-DD HH24:MI'),1006,10005,110,null);
Insert into GREENCINEMA.SCHEDULES (SCHALL,SCHTIME,SCHTHCODE,SCHMOVCODE,SEATCOUNT,SEATLIST) values ('1包',to_date('2023-09-27 16:00','YYYY-MM-DD HH24:MI'),1005,10006,110,null);
Insert into GREENCINEMA.SCHEDULES (SCHALL,SCHTIME,SCHTHCODE,SCHMOVCODE,SEATCOUNT,SEATLIST) values ('5包',to_date('2023-09-25 15:20','YYYY-MM-DD HH24:MI'),1005,10001,110,null);
Insert into GREENCINEMA.SCHEDULES (SCHALL,SCHTIME,SCHTHCODE,SCHMOVCODE,SEATCOUNT,SEATLIST) values ('8包',to_date('2023-09-27 17:30','YYYY-MM-DD HH24:MI'),1005,10005,110,null);
Insert into GREENCINEMA.SCHEDULES (SCHALL,SCHTIME,SCHTHCODE,SCHMOVCODE,SEATCOUNT,SEATLIST) values ('GOLDCLASS',to_date('2023-09-28 18:00','YYYY-MM-DD HH24:MI'),1005,10001,110,null);
Insert into GREENCINEMA.SCHEDULES (SCHALL,SCHTIME,SCHTHCODE,SCHMOVCODE,SEATCOUNT,SEATLIST) values ('8包',to_date('2023-09-28 09:15','YYYY-MM-DD HH24:MI'),1005,10006,110,null);
Insert into GREENCINEMA.SCHEDULES (SCHALL,SCHTIME,SCHTHCODE,SCHMOVCODE,SEATCOUNT,SEATLIST) values ('IMAX',to_date('2023-09-28 16:00','YYYY-MM-DD HH24:MI'),1005,10005,110,null);
Insert into GREENCINEMA.SCHEDULES (SCHALL,SCHTIME,SCHTHCODE,SCHMOVCODE,SEATCOUNT,SEATLIST) values ('1包',to_date('2023-09-28 16:50','YYYY-MM-DD HH24:MI'),1001,10009,110,null);
Insert into GREENCINEMA.SCHEDULES (SCHALL,SCHTIME,SCHTHCODE,SCHMOVCODE,SEATCOUNT,SEATLIST) values ('3包',to_date('2023-09-28 17:00','YYYY-MM-DD HH24:MI'),1007,10009,110,null);
Insert into GREENCINEMA.SCHEDULES (SCHALL,SCHTIME,SCHTHCODE,SCHMOVCODE,SEATCOUNT,SEATLIST) values ('2包',to_date('2023-09-28 21:00','YYYY-MM-DD HH24:MI'),1010,10009,110,null);
Insert into GREENCINEMA.SCHEDULES (SCHALL,SCHTIME,SCHTHCODE,SCHMOVCODE,SEATCOUNT,SEATLIST) values ('GOLDCLASS',to_date('2023-09-26 15:25','YYYY-MM-DD HH24:MI'),1005,10007,110,null);
Insert into GREENCINEMA.SCHEDULES (SCHALL,SCHTIME,SCHTHCODE,SCHMOVCODE,SEATCOUNT,SEATLIST) values ('5包',to_date('2023-09-25 09:10','YYYY-MM-DD HH24:MI'),1005,10007,110,null);
Insert into GREENCINEMA.SCHEDULES (SCHALL,SCHTIME,SCHTHCODE,SCHMOVCODE,SEATCOUNT,SEATLIST) values ('5包',to_date('2023-09-27 12:40','YYYY-MM-DD HH24:MI'),1005,10009,110,null);
Insert into GREENCINEMA.SCHEDULES (SCHALL,SCHTIME,SCHTHCODE,SCHMOVCODE,SEATCOUNT,SEATLIST) values ('4包',to_date('2023-09-26 14:20','YYYY-MM-DD HH24:MI'),1005,10009,110,null);
Insert into GREENCINEMA.SCHEDULES (SCHALL,SCHTIME,SCHTHCODE,SCHMOVCODE,SEATCOUNT,SEATLIST) values ('1包',to_date('2023-09-28 18:00','YYYY-MM-DD HH24:MI'),1005,10010,110,null);
Insert into GREENCINEMA.SCHEDULES (SCHALL,SCHTIME,SCHTHCODE,SCHMOVCODE,SEATCOUNT,SEATLIST) values ('4包',to_date('2023-09-27 20:30','YYYY-MM-DD HH24:MI'),1005,10010,110,null);
Insert into GREENCINEMA.SCHEDULES (SCHALL,SCHTIME,SCHTHCODE,SCHMOVCODE,SEATCOUNT,SEATLIST) values ('6包',to_date('2023-09-26 17:20','YYYY-MM-DD HH24:MI'),1005,10011,110,null);
Insert into GREENCINEMA.SCHEDULES (SCHALL,SCHTIME,SCHTHCODE,SCHMOVCODE,SEATCOUNT,SEATLIST) values ('IMAX',to_date('2023-09-23 19:10','YYYY-MM-DD HH24:MI'),1005,10011,110,null);
Insert into GREENCINEMA.SCHEDULES (SCHALL,SCHTIME,SCHTHCODE,SCHMOVCODE,SEATCOUNT,SEATLIST) values ('1包',to_date('2023-09-24 15:30','YYYY-MM-DD HH24:MI'),1005,10012,110,',');
Insert into GREENCINEMA.SCHEDULES (SCHALL,SCHTIME,SCHTHCODE,SCHMOVCODE,SEATCOUNT,SEATLIST) values ('3包',to_date('2023-09-26 15:25','YYYY-MM-DD HH24:MI'),1006,10007,110,null);
Insert into GREENCINEMA.SCHEDULES (SCHALL,SCHTIME,SCHTHCODE,SCHMOVCODE,SEATCOUNT,SEATLIST) values ('2包',to_date('2023-09-25 09:10','YYYY-MM-DD HH24:MI'),1006,10007,110,null);
Insert into GREENCINEMA.SCHEDULES (SCHALL,SCHTIME,SCHTHCODE,SCHMOVCODE,SEATCOUNT,SEATLIST) values ('5包',to_date('2023-09-27 12:40','YYYY-MM-DD HH24:MI'),1006,10009,110,null);
Insert into GREENCINEMA.SCHEDULES (SCHALL,SCHTIME,SCHTHCODE,SCHMOVCODE,SEATCOUNT,SEATLIST) values ('4包',to_date('2023-09-26 14:20','YYYY-MM-DD HH24:MI'),1006,10009,110,null);
Insert into GREENCINEMA.SCHEDULES (SCHALL,SCHTIME,SCHTHCODE,SCHMOVCODE,SEATCOUNT,SEATLIST) values ('1包',to_date('2023-09-28 18:00','YYYY-MM-DD HH24:MI'),1006,10010,110,null);
Insert into GREENCINEMA.SCHEDULES (SCHALL,SCHTIME,SCHTHCODE,SCHMOVCODE,SEATCOUNT,SEATLIST) values ('4包',to_date('2023-09-27 20:30','YYYY-MM-DD HH24:MI'),1006,10010,110,null);
Insert into GREENCINEMA.SCHEDULES (SCHALL,SCHTIME,SCHTHCODE,SCHMOVCODE,SEATCOUNT,SEATLIST) values ('6包',to_date('2023-09-26 17:20','YYYY-MM-DD HH24:MI'),1006,10011,110,null);
Insert into GREENCINEMA.SCHEDULES (SCHALL,SCHTIME,SCHTHCODE,SCHMOVCODE,SEATCOUNT,SEATLIST) values ('IMAX',to_date('2023-09-23 19:10','YYYY-MM-DD HH24:MI'),1006,10011,110,null);
Insert into GREENCINEMA.SCHEDULES (SCHALL,SCHTIME,SCHTHCODE,SCHMOVCODE,SEATCOUNT,SEATLIST) values ('1包',to_date('2023-09-24 15:30','YYYY-MM-DD HH24:MI'),1006,10012,110,null);
Insert into GREENCINEMA.SCHEDULES (SCHALL,SCHTIME,SCHTHCODE,SCHMOVCODE,SEATCOUNT,SEATLIST) values ('7包',to_date('2023-09-26 15:25','YYYY-MM-DD HH24:MI'),1006,10007,110,null);
Insert into GREENCINEMA.SCHEDULES (SCHALL,SCHTIME,SCHTHCODE,SCHMOVCODE,SEATCOUNT,SEATLIST) values ('7包',to_date('2023-09-26 15:25','YYYY-MM-DD HH24:MI'),1007,10007,110,null);
Insert into GREENCINEMA.SCHEDULES (SCHALL,SCHTIME,SCHTHCODE,SCHMOVCODE,SEATCOUNT,SEATLIST) values ('2包',to_date('2023-09-25 09:10','YYYY-MM-DD HH24:MI'),1007,10007,110,null);
Insert into GREENCINEMA.SCHEDULES (SCHALL,SCHTIME,SCHTHCODE,SCHMOVCODE,SEATCOUNT,SEATLIST) values ('5包',to_date('2023-09-27 22:40','YYYY-MM-DD HH24:MI'),1007,10009,110,null);
Insert into GREENCINEMA.SCHEDULES (SCHALL,SCHTIME,SCHTHCODE,SCHMOVCODE,SEATCOUNT,SEATLIST) values ('4包',to_date('2023-09-26 14:20','YYYY-MM-DD HH24:MI'),1007,10009,110,null);
Insert into GREENCINEMA.SCHEDULES (SCHALL,SCHTIME,SCHTHCODE,SCHMOVCODE,SEATCOUNT,SEATLIST) values ('1包',to_date('2023-09-28 09:00','YYYY-MM-DD HH24:MI'),1007,10010,110,null);
Insert into GREENCINEMA.SCHEDULES (SCHALL,SCHTIME,SCHTHCODE,SCHMOVCODE,SEATCOUNT,SEATLIST) values ('4包',to_date('2023-09-27 20:30','YYYY-MM-DD HH24:MI'),1007,10010,110,null);
Insert into GREENCINEMA.SCHEDULES (SCHALL,SCHTIME,SCHTHCODE,SCHMOVCODE,SEATCOUNT,SEATLIST) values ('6包',to_date('2023-09-26 17:20','YYYY-MM-DD HH24:MI'),1007,10011,110,null);
Insert into GREENCINEMA.SCHEDULES (SCHALL,SCHTIME,SCHTHCODE,SCHMOVCODE,SEATCOUNT,SEATLIST) values ('3包',to_date('2023-09-23 19:10','YYYY-MM-DD HH24:MI'),1007,10011,110,null);
Insert into GREENCINEMA.SCHEDULES (SCHALL,SCHTIME,SCHTHCODE,SCHMOVCODE,SEATCOUNT,SEATLIST) values ('IMAX',to_date('2023-09-23 19:10','YYYY-MM-DD HH24:MI'),1007,10011,110,null);
Insert into GREENCINEMA.SCHEDULES (SCHALL,SCHTIME,SCHTHCODE,SCHMOVCODE,SEATCOUNT,SEATLIST) values ('5包',to_date('2023-09-24 15:30','YYYY-MM-DD HH24:MI'),1007,10012,110,null);
Insert into GREENCINEMA.SCHEDULES (SCHALL,SCHTIME,SCHTHCODE,SCHMOVCODE,SEATCOUNT,SEATLIST) values ('1包',to_date('2023-09-24 15:30','YYYY-MM-DD HH24:MI'),1007,10012,110,null);
Insert into GREENCINEMA.SCHEDULES (SCHALL,SCHTIME,SCHTHCODE,SCHMOVCODE,SEATCOUNT,SEATLIST) values ('8包',to_date('2023-09-24 15:30','YYYY-MM-DD HH24:MI'),1008,10012,110,null);
Insert into GREENCINEMA.SCHEDULES (SCHALL,SCHTIME,SCHTHCODE,SCHMOVCODE,SEATCOUNT,SEATLIST) values ('1包',to_date('2023-09-23 12:40','YYYY-MM-DD HH24:MI'),1008,10001,110,null);
Insert into GREENCINEMA.SCHEDULES (SCHALL,SCHTIME,SCHTHCODE,SCHMOVCODE,SEATCOUNT,SEATLIST) values ('1包',to_date('2023-09-22 22:40','YYYY-MM-DD HH24:MI'),1008,10002,110,null);
Insert into GREENCINEMA.SCHEDULES (SCHALL,SCHTIME,SCHTHCODE,SCHMOVCODE,SEATCOUNT,SEATLIST) values ('2包',to_date('2023-09-27 22:40','YYYY-MM-DD HH24:MI'),1008,10006,110,null);
Insert into GREENCINEMA.SCHEDULES (SCHALL,SCHTIME,SCHTHCODE,SCHMOVCODE,SEATCOUNT,SEATLIST) values ('2包',to_date('2023-09-25 09:10','YYYY-MM-DD HH24:MI'),1008,10007,110,null);
Insert into GREENCINEMA.SCHEDULES (SCHALL,SCHTIME,SCHTHCODE,SCHMOVCODE,SEATCOUNT,SEATLIST) values ('3包',to_date('2023-09-23 22:40','YYYY-MM-DD HH24:MI'),1008,10006,110,null);
Insert into GREENCINEMA.SCHEDULES (SCHALL,SCHTIME,SCHTHCODE,SCHMOVCODE,SEATCOUNT,SEATLIST) values ('3包',to_date('2023-09-26 15:25','YYYY-MM-DD HH24:MI'),1008,10007,110,null);
Insert into GREENCINEMA.SCHEDULES (SCHALL,SCHTIME,SCHTHCODE,SCHMOVCODE,SEATCOUNT,SEATLIST) values ('4包',to_date('2023-09-22 22:40','YYYY-MM-DD HH24:MI'),1008,10009,110,null);
Insert into GREENCINEMA.SCHEDULES (SCHALL,SCHTIME,SCHTHCODE,SCHMOVCODE,SEATCOUNT,SEATLIST) values ('4包',to_date('2023-09-26 14:20','YYYY-MM-DD HH24:MI'),1008,10009,110,null);
Insert into GREENCINEMA.SCHEDULES (SCHALL,SCHTIME,SCHTHCODE,SCHMOVCODE,SEATCOUNT,SEATLIST) values ('5包',to_date('2023-09-28 15:00','YYYY-MM-DD HH24:MI'),1008,10010,110,null);
Insert into GREENCINEMA.SCHEDULES (SCHALL,SCHTIME,SCHTHCODE,SCHMOVCODE,SEATCOUNT,SEATLIST) values ('5包',to_date('2023-09-27 20:30','YYYY-MM-DD HH24:MI'),1008,10010,110,null);
Insert into GREENCINEMA.SCHEDULES (SCHALL,SCHTIME,SCHTHCODE,SCHMOVCODE,SEATCOUNT,SEATLIST) values ('6包',to_date('2023-09-26 17:20','YYYY-MM-DD HH24:MI'),1008,10011,110,null);
Insert into GREENCINEMA.SCHEDULES (SCHALL,SCHTIME,SCHTHCODE,SCHMOVCODE,SEATCOUNT,SEATLIST) values ('6包',to_date('2023-09-23 19:10','YYYY-MM-DD HH24:MI'),1008,10011,110,null);
Insert into GREENCINEMA.SCHEDULES (SCHALL,SCHTIME,SCHTHCODE,SCHMOVCODE,SEATCOUNT,SEATLIST) values ('5包',to_date('2023-09-24 15:30','YYYY-MM-DD HH24:MI'),1008,10012,110,null);
Insert into GREENCINEMA.SCHEDULES (SCHALL,SCHTIME,SCHTHCODE,SCHMOVCODE,SEATCOUNT,SEATLIST) values ('1包',to_date('2023-09-23 12:40','YYYY-MM-DD HH24:MI'),1009,10001,110,null);
Insert into GREENCINEMA.SCHEDULES (SCHALL,SCHTIME,SCHTHCODE,SCHMOVCODE,SEATCOUNT,SEATLIST) values ('1包',to_date('2023-09-22 22:40','YYYY-MM-DD HH24:MI'),1009,10001,110,null);
Insert into GREENCINEMA.SCHEDULES (SCHALL,SCHTIME,SCHTHCODE,SCHMOVCODE,SEATCOUNT,SEATLIST) values ('2包',to_date('2023-09-27 22:40','YYYY-MM-DD HH24:MI'),1009,10002,110,null);
Insert into GREENCINEMA.SCHEDULES (SCHALL,SCHTIME,SCHTHCODE,SCHMOVCODE,SEATCOUNT,SEATLIST) values ('2包',to_date('2023-09-25 09:10','YYYY-MM-DD HH24:MI'),1009,10002,110,null);
Insert into GREENCINEMA.SCHEDULES (SCHALL,SCHTIME,SCHTHCODE,SCHMOVCODE,SEATCOUNT,SEATLIST) values ('3包',to_date('2023-09-23 22:40','YYYY-MM-DD HH24:MI'),1009,10005,110,null);
Insert into GREENCINEMA.SCHEDULES (SCHALL,SCHTIME,SCHTHCODE,SCHMOVCODE,SEATCOUNT,SEATLIST) values ('3包',to_date('2023-09-26 15:25','YYYY-MM-DD HH24:MI'),1009,10005,110,null);
Insert into GREENCINEMA.SCHEDULES (SCHALL,SCHTIME,SCHTHCODE,SCHMOVCODE,SEATCOUNT,SEATLIST) values ('4包',to_date('2023-09-22 22:40','YYYY-MM-DD HH24:MI'),1009,10006,110,null);
Insert into GREENCINEMA.SCHEDULES (SCHALL,SCHTIME,SCHTHCODE,SCHMOVCODE,SEATCOUNT,SEATLIST) values ('4包',to_date('2023-09-26 14:20','YYYY-MM-DD HH24:MI'),1009,10007,110,null);
Insert into GREENCINEMA.SCHEDULES (SCHALL,SCHTIME,SCHTHCODE,SCHMOVCODE,SEATCOUNT,SEATLIST) values ('5包',to_date('2023-09-27 20:30','YYYY-MM-DD HH24:MI'),1009,10010,110,null);
Insert into GREENCINEMA.SCHEDULES (SCHALL,SCHTIME,SCHTHCODE,SCHMOVCODE,SEATCOUNT,SEATLIST) values ('7包',to_date('2023-09-26 17:20','YYYY-MM-DD HH24:MI'),1009,10011,110,null);
Insert into GREENCINEMA.SCHEDULES (SCHALL,SCHTIME,SCHTHCODE,SCHMOVCODE,SEATCOUNT,SEATLIST) values ('7包',to_date('2023-09-23 19:10','YYYY-MM-DD HH24:MI'),1009,10011,110,null);
Insert into GREENCINEMA.SCHEDULES (SCHALL,SCHTIME,SCHTHCODE,SCHMOVCODE,SEATCOUNT,SEATLIST) values ('5包',to_date('2023-09-24 15:30','YYYY-MM-DD HH24:MI'),1009,10012,110,null);
Insert into GREENCINEMA.SCHEDULES (SCHALL,SCHTIME,SCHTHCODE,SCHMOVCODE,SEATCOUNT,SEATLIST) values ('8包',to_date('2023-09-24 15:30','YYYY-MM-DD HH24:MI'),1009,10012,110,null);
Insert into GREENCINEMA.SCHEDULES (SCHALL,SCHTIME,SCHTHCODE,SCHMOVCODE,SEATCOUNT,SEATLIST) values ('IMAX',to_date('2023-09-23 19:10','YYYY-MM-DD HH24:MI'),1008,10012,110,null);
Insert into GREENCINEMA.SCHEDULES (SCHALL,SCHTIME,SCHTHCODE,SCHMOVCODE,SEATCOUNT,SEATLIST) values ('1包',to_date('2023-09-23 12:40','YYYY-MM-DD HH24:MI'),1010,10001,110,null);
Insert into GREENCINEMA.SCHEDULES (SCHALL,SCHTIME,SCHTHCODE,SCHMOVCODE,SEATCOUNT,SEATLIST) values ('1包',to_date('2023-09-22 22:40','YYYY-MM-DD HH24:MI'),1010,10001,110,null);
Insert into GREENCINEMA.SCHEDULES (SCHALL,SCHTIME,SCHTHCODE,SCHMOVCODE,SEATCOUNT,SEATLIST) values ('2包',to_date('2023-09-27 22:40','YYYY-MM-DD HH24:MI'),1010,10002,110,null);
Insert into GREENCINEMA.SCHEDULES (SCHALL,SCHTIME,SCHTHCODE,SCHMOVCODE,SEATCOUNT,SEATLIST) values ('2包',to_date('2023-09-25 09:10','YYYY-MM-DD HH24:MI'),1010,10002,110,null);
Insert into GREENCINEMA.SCHEDULES (SCHALL,SCHTIME,SCHTHCODE,SCHMOVCODE,SEATCOUNT,SEATLIST) values ('2包',to_date('2023-09-23 22:40','YYYY-MM-DD HH24:MI'),1010,10005,110,null);
Insert into GREENCINEMA.SCHEDULES (SCHALL,SCHTIME,SCHTHCODE,SCHMOVCODE,SEATCOUNT,SEATLIST) values ('4包',to_date('2023-09-26 15:25','YYYY-MM-DD HH24:MI'),1010,10005,110,null);
Insert into GREENCINEMA.SCHEDULES (SCHALL,SCHTIME,SCHTHCODE,SCHMOVCODE,SEATCOUNT,SEATLIST) values ('4包',to_date('2023-09-22 22:40','YYYY-MM-DD HH24:MI'),1010,10006,110,null);
Insert into GREENCINEMA.SCHEDULES (SCHALL,SCHTIME,SCHTHCODE,SCHMOVCODE,SEATCOUNT,SEATLIST) values ('3包',to_date('2023-09-26 14:20','YYYY-MM-DD HH24:MI'),1010,10007,110,null);
Insert into GREENCINEMA.SCHEDULES (SCHALL,SCHTIME,SCHTHCODE,SCHMOVCODE,SEATCOUNT,SEATLIST) values ('5包',to_date('2023-09-22 15:00','YYYY-MM-DD HH24:MI'),1010,10007,110,null);
Insert into GREENCINEMA.SCHEDULES (SCHALL,SCHTIME,SCHTHCODE,SCHMOVCODE,SEATCOUNT,SEATLIST) values ('6包',to_date('2023-09-24 20:30','YYYY-MM-DD HH24:MI'),1010,10010,110,null);
Insert into GREENCINEMA.SCHEDULES (SCHALL,SCHTIME,SCHTHCODE,SCHMOVCODE,SEATCOUNT,SEATLIST) values ('7包',to_date('2023-09-26 17:20','YYYY-MM-DD HH24:MI'),1010,10011,110,null);
Insert into GREENCINEMA.SCHEDULES (SCHALL,SCHTIME,SCHTHCODE,SCHMOVCODE,SEATCOUNT,SEATLIST) values ('7包',to_date('2023-09-23 19:10','YYYY-MM-DD HH24:MI'),1010,10011,110,null);
Insert into GREENCINEMA.SCHEDULES (SCHALL,SCHTIME,SCHTHCODE,SCHMOVCODE,SEATCOUNT,SEATLIST) values ('8包',to_date('2023-09-24 15:30','YYYY-MM-DD HH24:MI'),1010,10012,110,null);
Insert into GREENCINEMA.SCHEDULES (SCHALL,SCHTIME,SCHTHCODE,SCHMOVCODE,SEATCOUNT,SEATLIST) values ('8包',to_date('2023-09-28 15:30','YYYY-MM-DD HH24:MI'),1010,10012,110,null);
Insert into GREENCINEMA.SCHEDULES (SCHALL,SCHTIME,SCHTHCODE,SCHMOVCODE,SEATCOUNT,SEATLIST) values ('1包',to_date('2023-09-23 12:40','YYYY-MM-DD HH24:MI'),1011,10001,110,null);
Insert into GREENCINEMA.SCHEDULES (SCHALL,SCHTIME,SCHTHCODE,SCHMOVCODE,SEATCOUNT,SEATLIST) values ('1包',to_date('2023-09-22 22:40','YYYY-MM-DD HH24:MI'),1011,10002,110,null);
Insert into GREENCINEMA.SCHEDULES (SCHALL,SCHTIME,SCHTHCODE,SCHMOVCODE,SEATCOUNT,SEATLIST) values ('2包',to_date('2023-09-27 22:40','YYYY-MM-DD HH24:MI'),1011,10002,110,null);
Insert into GREENCINEMA.SCHEDULES (SCHALL,SCHTIME,SCHTHCODE,SCHMOVCODE,SEATCOUNT,SEATLIST) values ('2包',to_date('2023-09-25 09:10','YYYY-MM-DD HH24:MI'),1011,10002,110,null);
Insert into GREENCINEMA.SCHEDULES (SCHALL,SCHTIME,SCHTHCODE,SCHMOVCODE,SEATCOUNT,SEATLIST) values ('2包',to_date('2023-09-23 22:40','YYYY-MM-DD HH24:MI'),1011,10005,110,null);
Insert into GREENCINEMA.SCHEDULES (SCHALL,SCHTIME,SCHTHCODE,SCHMOVCODE,SEATCOUNT,SEATLIST) values ('4包',to_date('2023-09-26 15:25','YYYY-MM-DD HH24:MI'),1011,10005,110,null);
Insert into GREENCINEMA.SCHEDULES (SCHALL,SCHTIME,SCHTHCODE,SCHMOVCODE,SEATCOUNT,SEATLIST) values ('4包',to_date('2023-09-22 22:40','YYYY-MM-DD HH24:MI'),1011,10006,110,null);
Insert into GREENCINEMA.SCHEDULES (SCHALL,SCHTIME,SCHTHCODE,SCHMOVCODE,SEATCOUNT,SEATLIST) values ('3包',to_date('2023-09-26 09:20','YYYY-MM-DD HH24:MI'),1011,10007,110,null);
Insert into GREENCINEMA.SCHEDULES (SCHALL,SCHTIME,SCHTHCODE,SCHMOVCODE,SEATCOUNT,SEATLIST) values ('5包',to_date('2023-09-22 15:00','YYYY-MM-DD HH24:MI'),1011,10007,110,null);
Insert into GREENCINEMA.SCHEDULES (SCHALL,SCHTIME,SCHTHCODE,SCHMOVCODE,SEATCOUNT,SEATLIST) values ('6包',to_date('2023-09-24 20:30','YYYY-MM-DD HH24:MI'),1011,10010,110,null);
Insert into GREENCINEMA.SCHEDULES (SCHALL,SCHTIME,SCHTHCODE,SCHMOVCODE,SEATCOUNT,SEATLIST) values ('7包',to_date('2023-09-26 17:20','YYYY-MM-DD HH24:MI'),1011,10011,110,null);
Insert into GREENCINEMA.SCHEDULES (SCHALL,SCHTIME,SCHTHCODE,SCHMOVCODE,SEATCOUNT,SEATLIST) values ('7包',to_date('2023-09-23 19:10','YYYY-MM-DD HH24:MI'),1011,10011,110,null);
Insert into GREENCINEMA.SCHEDULES (SCHALL,SCHTIME,SCHTHCODE,SCHMOVCODE,SEATCOUNT,SEATLIST) values ('1包',to_date('2023-09-24 15:30','YYYY-MM-DD HH24:MI'),1011,10012,110,null);
Insert into GREENCINEMA.SCHEDULES (SCHALL,SCHTIME,SCHTHCODE,SCHMOVCODE,SEATCOUNT,SEATLIST) values ('2包',to_date('2023-09-28 15:30','YYYY-MM-DD HH24:MI'),1011,10012,110,null);
Insert into GREENCINEMA.SCHEDULES (SCHALL,SCHTIME,SCHTHCODE,SCHMOVCODE,SEATCOUNT,SEATLIST) values ('1包',to_date('2023-09-23 12:40','YYYY-MM-DD HH24:MI'),1012,10001,110,null);
Insert into GREENCINEMA.SCHEDULES (SCHALL,SCHTIME,SCHTHCODE,SCHMOVCODE,SEATCOUNT,SEATLIST) values ('1包',to_date('2023-09-22 22:40','YYYY-MM-DD HH24:MI'),1012,10002,110,null);
Insert into GREENCINEMA.SCHEDULES (SCHALL,SCHTIME,SCHTHCODE,SCHMOVCODE,SEATCOUNT,SEATLIST) values ('1包',to_date('2023-09-27 22:40','YYYY-MM-DD HH24:MI'),1012,10002,110,null);
Insert into GREENCINEMA.SCHEDULES (SCHALL,SCHTIME,SCHTHCODE,SCHMOVCODE,SEATCOUNT,SEATLIST) values ('2包',to_date('2023-09-25 09:10','YYYY-MM-DD HH24:MI'),1012,10002,110,null);
Insert into GREENCINEMA.SCHEDULES (SCHALL,SCHTIME,SCHTHCODE,SCHMOVCODE,SEATCOUNT,SEATLIST) values ('2包',to_date('2023-09-23 22:40','YYYY-MM-DD HH24:MI'),1012,10005,110,null);
Insert into GREENCINEMA.SCHEDULES (SCHALL,SCHTIME,SCHTHCODE,SCHMOVCODE,SEATCOUNT,SEATLIST) values ('2包',to_date('2023-09-26 15:25','YYYY-MM-DD HH24:MI'),1012,10005,110,null);
Insert into GREENCINEMA.SCHEDULES (SCHALL,SCHTIME,SCHTHCODE,SCHMOVCODE,SEATCOUNT,SEATLIST) values ('3包',to_date('2023-09-22 22:40','YYYY-MM-DD HH24:MI'),1012,10006,110,null);
Insert into GREENCINEMA.SCHEDULES (SCHALL,SCHTIME,SCHTHCODE,SCHMOVCODE,SEATCOUNT,SEATLIST) values ('3包',to_date('2023-09-26 09:20','YYYY-MM-DD HH24:MI'),1012,10007,110,null);
Insert into GREENCINEMA.SCHEDULES (SCHALL,SCHTIME,SCHTHCODE,SCHMOVCODE,SEATCOUNT,SEATLIST) values ('5包',to_date('2023-09-22 15:00','YYYY-MM-DD HH24:MI'),1012,10007,110,null);
Insert into GREENCINEMA.SCHEDULES (SCHALL,SCHTIME,SCHTHCODE,SCHMOVCODE,SEATCOUNT,SEATLIST) values ('5包',to_date('2023-09-24 20:30','YYYY-MM-DD HH24:MI'),1012,10010,110,null);
Insert into GREENCINEMA.SCHEDULES (SCHALL,SCHTIME,SCHTHCODE,SCHMOVCODE,SEATCOUNT,SEATLIST) values ('7包',to_date('2023-09-26 17:20','YYYY-MM-DD HH24:MI'),1012,10011,110,null);
Insert into GREENCINEMA.SCHEDULES (SCHALL,SCHTIME,SCHTHCODE,SCHMOVCODE,SEATCOUNT,SEATLIST) values ('7包',to_date('2023-09-23 19:10','YYYY-MM-DD HH24:MI'),1012,10011,110,null);
Insert into GREENCINEMA.SCHEDULES (SCHALL,SCHTIME,SCHTHCODE,SCHMOVCODE,SEATCOUNT,SEATLIST) values ('8包',to_date('2023-09-24 15:30','YYYY-MM-DD HH24:MI'),1012,10012,110,null);
Insert into GREENCINEMA.SCHEDULES (SCHALL,SCHTIME,SCHTHCODE,SCHMOVCODE,SEATCOUNT,SEATLIST) values ('8包',to_date('2023-09-28 15:30','YYYY-MM-DD HH24:MI'),1012,10012,110,null);
Insert into GREENCINEMA.SCHEDULES (SCHALL,SCHTIME,SCHTHCODE,SCHMOVCODE,SEATCOUNT,SEATLIST) values ('1包',to_date('2023-09-23 12:40','YYYY-MM-DD HH24:MI'),1013,10001,110,null);
Insert into GREENCINEMA.SCHEDULES (SCHALL,SCHTIME,SCHTHCODE,SCHMOVCODE,SEATCOUNT,SEATLIST) values ('1包',to_date('2023-09-22 22:40','YYYY-MM-DD HH24:MI'),1013,10001,110,null);
Insert into GREENCINEMA.SCHEDULES (SCHALL,SCHTIME,SCHTHCODE,SCHMOVCODE,SEATCOUNT,SEATLIST) values ('1包',to_date('2023-09-27 22:40','YYYY-MM-DD HH24:MI'),1013,10001,110,null);
Insert into GREENCINEMA.SCHEDULES (SCHALL,SCHTIME,SCHTHCODE,SCHMOVCODE,SEATCOUNT,SEATLIST) values ('2包',to_date('2023-09-25 09:10','YYYY-MM-DD HH24:MI'),1013,10002,110,null);
Insert into GREENCINEMA.SCHEDULES (SCHALL,SCHTIME,SCHTHCODE,SCHMOVCODE,SEATCOUNT,SEATLIST) values ('2包',to_date('2023-09-23 22:40','YYYY-MM-DD HH24:MI'),1013,10002,110,null);
Insert into GREENCINEMA.SCHEDULES (SCHALL,SCHTIME,SCHTHCODE,SCHMOVCODE,SEATCOUNT,SEATLIST) values ('2包',to_date('2023-09-26 15:25','YYYY-MM-DD HH24:MI'),1013,10005,110,null);
Insert into GREENCINEMA.SCHEDULES (SCHALL,SCHTIME,SCHTHCODE,SCHMOVCODE,SEATCOUNT,SEATLIST) values ('3包',to_date('2023-09-22 22:40','YYYY-MM-DD HH24:MI'),1013,10005,110,null);
Insert into GREENCINEMA.SCHEDULES (SCHALL,SCHTIME,SCHTHCODE,SCHMOVCODE,SEATCOUNT,SEATLIST) values ('3包',to_date('2023-09-26 09:20','YYYY-MM-DD HH24:MI'),1013,10005,110,null);
Insert into GREENCINEMA.SCHEDULES (SCHALL,SCHTIME,SCHTHCODE,SCHMOVCODE,SEATCOUNT,SEATLIST) values ('5包',to_date('2023-09-22 15:00','YYYY-MM-DD HH24:MI'),1013,10007,110,null);
Insert into GREENCINEMA.SCHEDULES (SCHALL,SCHTIME,SCHTHCODE,SCHMOVCODE,SEATCOUNT,SEATLIST) values ('5包',to_date('2023-09-24 20:30','YYYY-MM-DD HH24:MI'),1013,10009,110,null);
Insert into GREENCINEMA.SCHEDULES (SCHALL,SCHTIME,SCHTHCODE,SCHMOVCODE,SEATCOUNT,SEATLIST) values ('7包',to_date('2023-09-26 17:20','YYYY-MM-DD HH24:MI'),1013,10010,110,null);
Insert into GREENCINEMA.SCHEDULES (SCHALL,SCHTIME,SCHTHCODE,SCHMOVCODE,SEATCOUNT,SEATLIST) values ('7包',to_date('2023-09-23 19:10','YYYY-MM-DD HH24:MI'),1013,10011,110,null);
Insert into GREENCINEMA.SCHEDULES (SCHALL,SCHTIME,SCHTHCODE,SCHMOVCODE,SEATCOUNT,SEATLIST) values ('8包',to_date('2023-09-24 15:30','YYYY-MM-DD HH24:MI'),1013,10012,110,null);
Insert into GREENCINEMA.SCHEDULES (SCHALL,SCHTIME,SCHTHCODE,SCHMOVCODE,SEATCOUNT,SEATLIST) values ('8包',to_date('2023-09-28 15:30','YYYY-MM-DD HH24:MI'),1013,10012,110,null);
Insert into GREENCINEMA.SCHEDULES (SCHALL,SCHTIME,SCHTHCODE,SCHMOVCODE,SEATCOUNT,SEATLIST) values ('1包',to_date('2023-09-23 12:40','YYYY-MM-DD HH24:MI'),1014,10001,110,null);
Insert into GREENCINEMA.SCHEDULES (SCHALL,SCHTIME,SCHTHCODE,SCHMOVCODE,SEATCOUNT,SEATLIST) values ('1包',to_date('2023-09-22 22:40','YYYY-MM-DD HH24:MI'),1014,10001,110,null);
Insert into GREENCINEMA.SCHEDULES (SCHALL,SCHTIME,SCHTHCODE,SCHMOVCODE,SEATCOUNT,SEATLIST) values ('1包',to_date('2023-09-27 22:40','YYYY-MM-DD HH24:MI'),1014,10001,110,',');
Insert into GREENCINEMA.SCHEDULES (SCHALL,SCHTIME,SCHTHCODE,SCHMOVCODE,SEATCOUNT,SEATLIST) values ('2包',to_date('2023-09-25 09:10','YYYY-MM-DD HH24:MI'),1014,10002,110,null);
Insert into GREENCINEMA.SCHEDULES (SCHALL,SCHTIME,SCHTHCODE,SCHMOVCODE,SEATCOUNT,SEATLIST) values ('2包',to_date('2023-09-23 22:40','YYYY-MM-DD HH24:MI'),1014,10002,110,null);
Insert into GREENCINEMA.SCHEDULES (SCHALL,SCHTIME,SCHTHCODE,SCHMOVCODE,SEATCOUNT,SEATLIST) values ('2包',to_date('2023-09-26 15:25','YYYY-MM-DD HH24:MI'),1014,10005,110,null);
Insert into GREENCINEMA.SCHEDULES (SCHALL,SCHTIME,SCHTHCODE,SCHMOVCODE,SEATCOUNT,SEATLIST) values ('3包',to_date('2023-09-22 22:40','YYYY-MM-DD HH24:MI'),1014,10005,110,null);
Insert into GREENCINEMA.SCHEDULES (SCHALL,SCHTIME,SCHTHCODE,SCHMOVCODE,SEATCOUNT,SEATLIST) values ('3包',to_date('2023-09-26 09:20','YYYY-MM-DD HH24:MI'),1014,10005,110,null);
Insert into GREENCINEMA.SCHEDULES (SCHALL,SCHTIME,SCHTHCODE,SCHMOVCODE,SEATCOUNT,SEATLIST) values ('5包',to_date('2023-09-22 15:00','YYYY-MM-DD HH24:MI'),1014,10007,110,null);
Insert into GREENCINEMA.SCHEDULES (SCHALL,SCHTIME,SCHTHCODE,SCHMOVCODE,SEATCOUNT,SEATLIST) values ('5包',to_date('2023-09-24 20:30','YYYY-MM-DD HH24:MI'),1014,10009,110,null);
Insert into GREENCINEMA.SCHEDULES (SCHALL,SCHTIME,SCHTHCODE,SCHMOVCODE,SEATCOUNT,SEATLIST) values ('7包',to_date('2023-09-26 17:20','YYYY-MM-DD HH24:MI'),1014,10010,110,null);
Insert into GREENCINEMA.SCHEDULES (SCHALL,SCHTIME,SCHTHCODE,SCHMOVCODE,SEATCOUNT,SEATLIST) values ('7包',to_date('2023-09-23 19:10','YYYY-MM-DD HH24:MI'),1014,10011,110,null);
Insert into GREENCINEMA.SCHEDULES (SCHALL,SCHTIME,SCHTHCODE,SCHMOVCODE,SEATCOUNT,SEATLIST) values ('8包',to_date('2023-09-24 15:30','YYYY-MM-DD HH24:MI'),1014,10012,110,null);
Insert into GREENCINEMA.SCHEDULES (SCHALL,SCHTIME,SCHTHCODE,SCHMOVCODE,SEATCOUNT,SEATLIST) values ('8包',to_date('2023-09-28 20:30','YYYY-MM-DD HH24:MI'),1014,10012,110,null);
REM INSERTING into GREENCINEMA.TBL_ATTACH
SET DEFINE OFF;
REM INSERTING into GREENCINEMA.TEXT_SEQ
SET DEFINE OFF;
Insert into GREENCINEMA.TEXT_SEQ (NUMS) values (10002);
Insert into GREENCINEMA.TEXT_SEQ (NUMS) values (10003);
Insert into GREENCINEMA.TEXT_SEQ (NUMS) values (10004);
Insert into GREENCINEMA.TEXT_SEQ (NUMS) values (10005);
Insert into GREENCINEMA.TEXT_SEQ (NUMS) values (10006);
Insert into GREENCINEMA.TEXT_SEQ (NUMS) values (10007);
Insert into GREENCINEMA.TEXT_SEQ (NUMS) values (10008);
Insert into GREENCINEMA.TEXT_SEQ (NUMS) values (10009);
REM INSERTING into GREENCINEMA.THEATERS
SET DEFINE OFF;
Insert into GREENCINEMA.THEATERS (THCODE,THNAME,THADDRESS) values (1001,'CGV匡魂伙魂','匡魂堡开矫 巢备 拳钦肺 185, 5摸(伙魂悼)');
Insert into GREENCINEMA.THEATERS (THCODE,THNAME,THADDRESS) values (1005,'CGV碍巢','辑匡漂喊矫 碍巢备 碍巢措肺 438 (开伙悼)');
Insert into GREENCINEMA.THEATERS (THCODE,THNAME,THADDRESS) values (1006,'CGV堡背','版扁档 荐盔矫 康烹备 堡背吝居肺 124 岸矾府酒归拳痢 堡背痢 10摸');
Insert into GREENCINEMA.THEATERS (THCODE,THNAME,THADDRESS) values (1007,'CGV何乞','牢玫堡开矫 何乞备 付厘肺 489(没玫悼)');
Insert into GREENCINEMA.THEATERS (THCODE,THNAME,THADDRESS) values (1008,'CGV冕玫','碍盔漂喊磊摹档 冕玫矫 瘤籍肺 80 (硼拌悼, 捧啪矫萍 3摸) CGV冕玫');
Insert into GREENCINEMA.THEATERS (THCODE,THNAME,THADDRESS) values (1009,'CGV玫救','面没巢档 玫救矫 悼巢备 疙悼辨 47, 5摸(措蕊悼)');
Insert into GREENCINEMA.THEATERS (THCODE,THNAME,THADDRESS) values (1010,'CGV措备','措备堡开矫 合备 魔魂肺 93 胶棋飘烦矫萍 4摸)');
Insert into GREENCINEMA.THEATERS (THCODE,THNAME,THADDRESS) values (1011,'CGV季乓矫萍','何魂堡开矫 秦款措备 季乓巢措肺 35, 7摸(快悼)');
Insert into GREENCINEMA.THEATERS (THCODE,THNAME,THADDRESS) values (1012,'CGV芭力','版惑巢档 芭力矫 厘乞肺 12, 6摸 (厘乞悼, 叼钮宏归拳痢)');
Insert into GREENCINEMA.THEATERS (THCODE,THNAME,THADDRESS) values (1013,'CGV力林','力林漂喊磊摹档 力林矫 辑堡肺 288, 3摸~7摸(捞档2悼)');
Insert into GREENCINEMA.THEATERS (THCODE,THNAME,THADDRESS) values (1014,'CGV匡魂柳厘','匡魂堡开矫 合备 柳厘蜡烹肺 51-10(柳厘悼)');
--------------------------------------------------------
--  DDL for Index MEM_AUTH_PK
--------------------------------------------------------

  CREATE UNIQUE INDEX "GREENCINEMA"."MEM_AUTH_PK" ON "GREENCINEMA"."MEM_AUTH" ("USERID") 
  PCTFREE 10 INITRANS 2 MAXTRANS 255 COMPUTE STATISTICS 
  STORAGE(INITIAL 65536 NEXT 1048576 MINEXTENTS 1 MAXEXTENTS 2147483645
  PCTINCREASE 0 FREELISTS 1 FREELIST GROUPS 1 BUFFER_POOL DEFAULT FLASH_CACHE DEFAULT CELL_FLASH_CACHE DEFAULT)
  TABLESPACE "SYSTEM" ;
--------------------------------------------------------
--  DDL for Index PK_ATTACH
--------------------------------------------------------

  CREATE UNIQUE INDEX "GREENCINEMA"."PK_ATTACH" ON "GREENCINEMA"."TBL_ATTACH" ("UUID") 
  PCTFREE 10 INITRANS 2 MAXTRANS 255 COMPUTE STATISTICS 
  STORAGE(INITIAL 65536 NEXT 1048576 MINEXTENTS 1 MAXEXTENTS 2147483645
  PCTINCREASE 0 FREELISTS 1 FREELIST GROUPS 1 BUFFER_POOL DEFAULT FLASH_CACHE DEFAULT CELL_FLASH_CACHE DEFAULT)
  TABLESPACE "SYSTEM" ;
--------------------------------------------------------
--  DDL for Index SCHEDULES_PK
--------------------------------------------------------

  CREATE UNIQUE INDEX "GREENCINEMA"."SCHEDULES_PK" ON "GREENCINEMA"."SCHEDULES" ("SCHTIME", "SCHTHCODE", "SCHALL") 
  PCTFREE 10 INITRANS 2 MAXTRANS 255 COMPUTE STATISTICS 
  STORAGE(INITIAL 65536 NEXT 1048576 MINEXTENTS 1 MAXEXTENTS 2147483645
  PCTINCREASE 0 FREELISTS 1 FREELIST GROUPS 1 BUFFER_POOL DEFAULT FLASH_CACHE DEFAULT CELL_FLASH_CACHE DEFAULT)
  TABLESPACE "SYSTEM" ;
--------------------------------------------------------
--  DDL for Index SYS_C007423
--------------------------------------------------------

  CREATE UNIQUE INDEX "GREENCINEMA"."SYS_C007423" ON "GREENCINEMA"."MEMBER" ("USERID") 
  PCTFREE 10 INITRANS 2 MAXTRANS 255 COMPUTE STATISTICS 
  STORAGE(INITIAL 65536 NEXT 1048576 MINEXTENTS 1 MAXEXTENTS 2147483645
  PCTINCREASE 0 FREELISTS 1 FREELIST GROUPS 1 BUFFER_POOL DEFAULT FLASH_CACHE DEFAULT CELL_FLASH_CACHE DEFAULT)
  TABLESPACE "SYSTEM" ;
--------------------------------------------------------
--  DDL for Index SYS_C007425
--------------------------------------------------------

  CREATE UNIQUE INDEX "GREENCINEMA"."SYS_C007425" ON "GREENCINEMA"."MOVIES" ("MOVCODE") 
  PCTFREE 10 INITRANS 2 MAXTRANS 255 COMPUTE STATISTICS 
  STORAGE(INITIAL 65536 NEXT 1048576 MINEXTENTS 1 MAXEXTENTS 2147483645
  PCTINCREASE 0 FREELISTS 1 FREELIST GROUPS 1 BUFFER_POOL DEFAULT FLASH_CACHE DEFAULT CELL_FLASH_CACHE DEFAULT)
  TABLESPACE "SYSTEM" ;
--------------------------------------------------------
--  DDL for Index SYS_C007427
--------------------------------------------------------

  CREATE UNIQUE INDEX "GREENCINEMA"."SYS_C007427" ON "GREENCINEMA"."THEATERS" ("THCODE") 
  PCTFREE 10 INITRANS 2 MAXTRANS 255 COMPUTE STATISTICS 
  STORAGE(INITIAL 65536 NEXT 1048576 MINEXTENTS 1 MAXEXTENTS 2147483645
  PCTINCREASE 0 FREELISTS 1 FREELIST GROUPS 1 BUFFER_POOL DEFAULT FLASH_CACHE DEFAULT CELL_FLASH_CACHE DEFAULT)
  TABLESPACE "SYSTEM" ;
--------------------------------------------------------
--  DDL for Index SYS_C007450
--------------------------------------------------------

  CREATE UNIQUE INDEX "GREENCINEMA"."SYS_C007450" ON "GREENCINEMA"."PERSISTENT_LOGINS" ("SERIES") 
  PCTFREE 10 INITRANS 2 MAXTRANS 255 COMPUTE STATISTICS 
  STORAGE(INITIAL 65536 NEXT 1048576 MINEXTENTS 1 MAXEXTENTS 2147483645
  PCTINCREASE 0 FREELISTS 1 FREELIST GROUPS 1 BUFFER_POOL DEFAULT FLASH_CACHE DEFAULT CELL_FLASH_CACHE DEFAULT)
  TABLESPACE "SYSTEM" ;
--------------------------------------------------------
--  DDL for Index SYS_C007423
--------------------------------------------------------

  CREATE UNIQUE INDEX "GREENCINEMA"."SYS_C007423" ON "GREENCINEMA"."MEMBER" ("USERID") 
  PCTFREE 10 INITRANS 2 MAXTRANS 255 COMPUTE STATISTICS 
  STORAGE(INITIAL 65536 NEXT 1048576 MINEXTENTS 1 MAXEXTENTS 2147483645
  PCTINCREASE 0 FREELISTS 1 FREELIST GROUPS 1 BUFFER_POOL DEFAULT FLASH_CACHE DEFAULT CELL_FLASH_CACHE DEFAULT)
  TABLESPACE "SYSTEM" ;
--------------------------------------------------------
--  DDL for Index MEM_AUTH_PK
--------------------------------------------------------

  CREATE UNIQUE INDEX "GREENCINEMA"."MEM_AUTH_PK" ON "GREENCINEMA"."MEM_AUTH" ("USERID") 
  PCTFREE 10 INITRANS 2 MAXTRANS 255 COMPUTE STATISTICS 
  STORAGE(INITIAL 65536 NEXT 1048576 MINEXTENTS 1 MAXEXTENTS 2147483645
  PCTINCREASE 0 FREELISTS 1 FREELIST GROUPS 1 BUFFER_POOL DEFAULT FLASH_CACHE DEFAULT CELL_FLASH_CACHE DEFAULT)
  TABLESPACE "SYSTEM" ;
--------------------------------------------------------
--  DDL for Index SYS_C007425
--------------------------------------------------------

  CREATE UNIQUE INDEX "GREENCINEMA"."SYS_C007425" ON "GREENCINEMA"."MOVIES" ("MOVCODE") 
  PCTFREE 10 INITRANS 2 MAXTRANS 255 COMPUTE STATISTICS 
  STORAGE(INITIAL 65536 NEXT 1048576 MINEXTENTS 1 MAXEXTENTS 2147483645
  PCTINCREASE 0 FREELISTS 1 FREELIST GROUPS 1 BUFFER_POOL DEFAULT FLASH_CACHE DEFAULT CELL_FLASH_CACHE DEFAULT)
  TABLESPACE "SYSTEM" ;
--------------------------------------------------------
--  DDL for Index SYS_C007450
--------------------------------------------------------

  CREATE UNIQUE INDEX "GREENCINEMA"."SYS_C007450" ON "GREENCINEMA"."PERSISTENT_LOGINS" ("SERIES") 
  PCTFREE 10 INITRANS 2 MAXTRANS 255 COMPUTE STATISTICS 
  STORAGE(INITIAL 65536 NEXT 1048576 MINEXTENTS 1 MAXEXTENTS 2147483645
  PCTINCREASE 0 FREELISTS 1 FREELIST GROUPS 1 BUFFER_POOL DEFAULT FLASH_CACHE DEFAULT CELL_FLASH_CACHE DEFAULT)
  TABLESPACE "SYSTEM" ;
--------------------------------------------------------
--  DDL for Index SCHEDULES_PK
--------------------------------------------------------

  CREATE UNIQUE INDEX "GREENCINEMA"."SCHEDULES_PK" ON "GREENCINEMA"."SCHEDULES" ("SCHTIME", "SCHTHCODE", "SCHALL") 
  PCTFREE 10 INITRANS 2 MAXTRANS 255 COMPUTE STATISTICS 
  STORAGE(INITIAL 65536 NEXT 1048576 MINEXTENTS 1 MAXEXTENTS 2147483645
  PCTINCREASE 0 FREELISTS 1 FREELIST GROUPS 1 BUFFER_POOL DEFAULT FLASH_CACHE DEFAULT CELL_FLASH_CACHE DEFAULT)
  TABLESPACE "SYSTEM" ;
--------------------------------------------------------
--  DDL for Index PK_ATTACH
--------------------------------------------------------

  CREATE UNIQUE INDEX "GREENCINEMA"."PK_ATTACH" ON "GREENCINEMA"."TBL_ATTACH" ("UUID") 
  PCTFREE 10 INITRANS 2 MAXTRANS 255 COMPUTE STATISTICS 
  STORAGE(INITIAL 65536 NEXT 1048576 MINEXTENTS 1 MAXEXTENTS 2147483645
  PCTINCREASE 0 FREELISTS 1 FREELIST GROUPS 1 BUFFER_POOL DEFAULT FLASH_CACHE DEFAULT CELL_FLASH_CACHE DEFAULT)
  TABLESPACE "SYSTEM" ;
--------------------------------------------------------
--  DDL for Index SYS_C007427
--------------------------------------------------------

  CREATE UNIQUE INDEX "GREENCINEMA"."SYS_C007427" ON "GREENCINEMA"."THEATERS" ("THCODE") 
  PCTFREE 10 INITRANS 2 MAXTRANS 255 COMPUTE STATISTICS 
  STORAGE(INITIAL 65536 NEXT 1048576 MINEXTENTS 1 MAXEXTENTS 2147483645
  PCTINCREASE 0 FREELISTS 1 FREELIST GROUPS 1 BUFFER_POOL DEFAULT FLASH_CACHE DEFAULT CELL_FLASH_CACHE DEFAULT)
  TABLESPACE "SYSTEM" ;
--------------------------------------------------------
--  Constraints for Table MEMBER
--------------------------------------------------------

  ALTER TABLE "GREENCINEMA"."MEMBER" ADD PRIMARY KEY ("USERID")
  USING INDEX PCTFREE 10 INITRANS 2 MAXTRANS 255 COMPUTE STATISTICS 
  STORAGE(INITIAL 65536 NEXT 1048576 MINEXTENTS 1 MAXEXTENTS 2147483645
  PCTINCREASE 0 FREELISTS 1 FREELIST GROUPS 1 BUFFER_POOL DEFAULT FLASH_CACHE DEFAULT CELL_FLASH_CACHE DEFAULT)
  TABLESPACE "SYSTEM"  ENABLE;
  ALTER TABLE "GREENCINEMA"."MEMBER" MODIFY ("USERNAME" NOT NULL ENABLE);
  ALTER TABLE "GREENCINEMA"."MEMBER" MODIFY ("USERPW" NOT NULL ENABLE);
  ALTER TABLE "GREENCINEMA"."MEMBER" MODIFY ("USERID" NOT NULL ENABLE);
--------------------------------------------------------
--  Constraints for Table MEM_AUTH
--------------------------------------------------------

  ALTER TABLE "GREENCINEMA"."MEM_AUTH" MODIFY ("AUTH" NOT NULL ENABLE);
  ALTER TABLE "GREENCINEMA"."MEM_AUTH" MODIFY ("USERID" NOT NULL ENABLE);
  ALTER TABLE "GREENCINEMA"."MEM_AUTH" ADD CONSTRAINT "MEM_AUTH_PK" PRIMARY KEY ("USERID")
  USING INDEX PCTFREE 10 INITRANS 2 MAXTRANS 255 COMPUTE STATISTICS 
  STORAGE(INITIAL 65536 NEXT 1048576 MINEXTENTS 1 MAXEXTENTS 2147483645
  PCTINCREASE 0 FREELISTS 1 FREELIST GROUPS 1 BUFFER_POOL DEFAULT FLASH_CACHE DEFAULT CELL_FLASH_CACHE DEFAULT)
  TABLESPACE "SYSTEM"  ENABLE;
--------------------------------------------------------
--  Constraints for Table MOVIES
--------------------------------------------------------

  ALTER TABLE "GREENCINEMA"."MOVIES" ADD PRIMARY KEY ("MOVCODE")
  USING INDEX PCTFREE 10 INITRANS 2 MAXTRANS 255 COMPUTE STATISTICS 
  STORAGE(INITIAL 65536 NEXT 1048576 MINEXTENTS 1 MAXEXTENTS 2147483645
  PCTINCREASE 0 FREELISTS 1 FREELIST GROUPS 1 BUFFER_POOL DEFAULT FLASH_CACHE DEFAULT CELL_FLASH_CACHE DEFAULT)
  TABLESPACE "SYSTEM"  ENABLE;
--------------------------------------------------------
--  Constraints for Table PERSISTENT_LOGINS
--------------------------------------------------------

  ALTER TABLE "GREENCINEMA"."PERSISTENT_LOGINS" ADD PRIMARY KEY ("SERIES")
  USING INDEX PCTFREE 10 INITRANS 2 MAXTRANS 255 COMPUTE STATISTICS 
  STORAGE(INITIAL 65536 NEXT 1048576 MINEXTENTS 1 MAXEXTENTS 2147483645
  PCTINCREASE 0 FREELISTS 1 FREELIST GROUPS 1 BUFFER_POOL DEFAULT FLASH_CACHE DEFAULT CELL_FLASH_CACHE DEFAULT)
  TABLESPACE "SYSTEM"  ENABLE;
  ALTER TABLE "GREENCINEMA"."PERSISTENT_LOGINS" MODIFY ("LAST_USED" NOT NULL ENABLE);
  ALTER TABLE "GREENCINEMA"."PERSISTENT_LOGINS" MODIFY ("TOKEN" NOT NULL ENABLE);
  ALTER TABLE "GREENCINEMA"."PERSISTENT_LOGINS" MODIFY ("USERNAME" NOT NULL ENABLE);
--------------------------------------------------------
--  Constraints for Table SCHEDULES
--------------------------------------------------------

  ALTER TABLE "GREENCINEMA"."SCHEDULES" ADD CONSTRAINT "SCHEDULES_PK" PRIMARY KEY ("SCHTIME", "SCHTHCODE", "SCHALL")
  USING INDEX PCTFREE 10 INITRANS 2 MAXTRANS 255 COMPUTE STATISTICS 
  STORAGE(INITIAL 65536 NEXT 1048576 MINEXTENTS 1 MAXEXTENTS 2147483645
  PCTINCREASE 0 FREELISTS 1 FREELIST GROUPS 1 BUFFER_POOL DEFAULT FLASH_CACHE DEFAULT CELL_FLASH_CACHE DEFAULT)
  TABLESPACE "SYSTEM"  ENABLE;
  ALTER TABLE "GREENCINEMA"."SCHEDULES" MODIFY ("SCHMOVCODE" NOT NULL ENABLE);
  ALTER TABLE "GREENCINEMA"."SCHEDULES" MODIFY ("SCHTHCODE" NOT NULL ENABLE);
  ALTER TABLE "GREENCINEMA"."SCHEDULES" MODIFY ("SCHTIME" NOT NULL ENABLE);
  ALTER TABLE "GREENCINEMA"."SCHEDULES" MODIFY ("SCHALL" NOT NULL ENABLE);
--------------------------------------------------------
--  Constraints for Table TBL_ATTACH
--------------------------------------------------------

  ALTER TABLE "GREENCINEMA"."TBL_ATTACH" ADD CONSTRAINT "PK_ATTACH" PRIMARY KEY ("UUID")
  USING INDEX PCTFREE 10 INITRANS 2 MAXTRANS 255 COMPUTE STATISTICS 
  STORAGE(INITIAL 65536 NEXT 1048576 MINEXTENTS 1 MAXEXTENTS 2147483645
  PCTINCREASE 0 FREELISTS 1 FREELIST GROUPS 1 BUFFER_POOL DEFAULT FLASH_CACHE DEFAULT CELL_FLASH_CACHE DEFAULT)
  TABLESPACE "SYSTEM"  ENABLE;
  ALTER TABLE "GREENCINEMA"."TBL_ATTACH" MODIFY ("FILENAME" NOT NULL ENABLE);
  ALTER TABLE "GREENCINEMA"."TBL_ATTACH" MODIFY ("UPLOADPATH" NOT NULL ENABLE);
  ALTER TABLE "GREENCINEMA"."TBL_ATTACH" MODIFY ("UUID" NOT NULL ENABLE);
--------------------------------------------------------
--  Constraints for Table THEATERS
--------------------------------------------------------

  ALTER TABLE "GREENCINEMA"."THEATERS" ADD PRIMARY KEY ("THCODE")
  USING INDEX PCTFREE 10 INITRANS 2 MAXTRANS 255 COMPUTE STATISTICS 
  STORAGE(INITIAL 65536 NEXT 1048576 MINEXTENTS 1 MAXEXTENTS 2147483645
  PCTINCREASE 0 FREELISTS 1 FREELIST GROUPS 1 BUFFER_POOL DEFAULT FLASH_CACHE DEFAULT CELL_FLASH_CACHE DEFAULT)
  TABLESPACE "SYSTEM"  ENABLE;
--------------------------------------------------------
--  Ref Constraints for Table MEM_AUTH
--------------------------------------------------------

  ALTER TABLE "GREENCINEMA"."MEM_AUTH" ADD CONSTRAINT "FK_MEMBER_AUTH" FOREIGN KEY ("USERID")
	  REFERENCES "GREENCINEMA"."MEMBER" ("USERID") ENABLE;
--------------------------------------------------------
--  Ref Constraints for Table SCHEDULES
--------------------------------------------------------

  ALTER TABLE "GREENCINEMA"."SCHEDULES" ADD CONSTRAINT "FK_MOVCODE" FOREIGN KEY ("SCHMOVCODE")
	  REFERENCES "GREENCINEMA"."MOVIES" ("MOVCODE") ENABLE;
  ALTER TABLE "GREENCINEMA"."SCHEDULES" ADD CONSTRAINT "FK_SCHTHCODE" FOREIGN KEY ("SCHTHCODE")
	  REFERENCES "GREENCINEMA"."THEATERS" ("THCODE") ENABLE;
